firm_id,sector,seed_date,series_a_date,end_date,time_to_series_a_months,event_series_a,metro_region,seed_amount_usd,num_partner_investors,num_investors_total,seed_year
10by10.io,AI,2017-08-22,,2024-12-23,88.04204993429697,0,SFBA,120000,,1.0,2017
2B0 (To Be Zero),AI,2020-07-12,,2024-12-23,53.383705650459916,0,SFBA,250000,,,2020
310.ai,AI,2023-01-01,,2024-12-23,23.71879106438896,0,SFBA,3700000,1.0,2.0,2023
3Analytics,AI,2021-02-25,,2024-12-23,45.893561103810775,0,SFBA,474996,,,2021
3DLOOK,AI,2018-07-10,2021-03-16,2021-03-16,32.19448094612352,1,SFBA,1000000,,2.0,2018
3TEN8,AI,2017-12-15,,2024-12-23,84.26412614980289,0,SFBA,2000000,,5.0,2017
6D.ai,AI,2019-06-26,,2024-12-23,65.93298291721419,0,SFBA,3000000,1.0,2.0,2019
6d bytes,AI,2017-06-12,,2024-12-23,90.37450722733246,0,SFBA,3000000,3.0,6.0,2017
6figr.com,AI,2018-10-05,,2024-12-23,74.60578186596584,0,SFBA,500000,,1.0,2018
7 Chord,AI,2018-07-01,,2024-12-23,77.75952693823916,0,GNYA,575000,,,2018
8Flow,AI,2023-06-01,,2024-12-23,18.758212877792378,0,SFBA,6600000,,11.0,2023
AEYE Health,AI,2022-01-01,,2024-12-23,35.709592641261494,0,GNYA,10000000,,,2022
AGI7,AI,2024-05-01,,2024-12-23,7.752956636005256,0,SFBA,3000000,1.0,1.0,2024
AI Squared,AI,2022-06-27,2024-04-17,2024-04-17,21.681997371879106,1,SFBA,6000000,3.0,2.0,2022
AI or Not,AI,2024-12-05,,2024-12-23,0.5913272010512484,0,SFBA,5655000,2.0,3.0,2024
AI.Reverie,AI,2020-04-14,,2024-12-23,56.30749014454665,0,GNYA,5600000,2.0,7.0,2020
AKASA,AI,2019-01-01,2020-06-10,2020-06-10,17.279894875164256,1,SFBA,5000000,,4.0,2019
AMAI,AI,2021-05-15,,2024-12-23,43.29829172141918,0,SFBA,600000,,3.0,2021
APOSTLE INFOSOFT,AI,2023-02-03,,2024-12-23,22.634691195795007,0,GNYA,2000000,,,2023
ARQA,AI,2022-08-18,,2024-12-23,28.18659658344284,0,GMA,4695000,,,2022
ARwall,AI,2018-06-01,,2024-12-23,78.74507227332457,0,GLA,2000000,,5.0,2018
Aadi Space,AI,2024-12-03,,2024-12-23,0.657030223390276,0,SFBA,1000000,,1.0,2024
Abacus.AI,AI,2019-06-12,2020-07-14,2020-07-14,13.074901445466491,1,SFBA,5250000,,9.0,2019
Accern,AI,2017-05-15,2020-03-10,2020-03-10,33.83705650459921,1,GNYA,1250000,1.0,9.0,2017
Accrualify,AI,2017-05-09,2018-09-12,2018-09-12,16.130091984231274,1,SFBA,600000,1.0,2.0,2017
AccuLine,AI,2024-05-01,,2024-12-23,7.752956636005256,0,GMA,3500000,,3.0,2024
ActZero.ai,AI,2021-03-09,,2024-12-23,45.499342969776606,0,SFBA,40000000,1.0,1.0,2021
Activeloop,AI,2021-11-02,2024-03-26,2024-03-26,28.74507227332457,1,SFBA,5000000,1.0,8.0,2021
Actively AI,AI,2023-01-01,,2024-12-23,23.71879106438896,0,GNYA,5000000,,5.0,2023
Actuate,AI,2019-07-01,2021-04-29,2021-04-29,21.944809461235216,1,GNYA,2200000,,3.0,2019
Adext AI,AI,2019-04-15,,2024-12-23,68.29829172141918,0,SFBA,8000000,,7.0,2019
Adrenaline,AI,2024-02-23,,2024-12-23,9.986859395532194,0,GNYA,2400000,,3.0,2024
Advanced Training Athletic Club,AI,2018-09-04,,2024-12-23,75.62417871222075,0,GNYA,35000,,,2018
Afresh,AI,2018-03-04,2019-04-30,2019-04-30,13.863337713534822,1,SFBA,1650000,,2.0,2018
AgShift,AI,2018-03-18,,2024-12-23,81.2089356110381,0,GLA,1500000,1.0,1.0,2018
Agamon Health,AI,2020-06-22,,2024-12-23,54.040735873850196,0,GNYA,4000000,1.0,4.0,2020
Agara,AI,2017-10-01,,2024-12-23,86.72798948751642,0,SFBA,500000,2.0,1.0,2017
Agent.ai,AI,2017-02-08,,2024-12-23,94.44809461235216,0,SFBA,2700000,,,2017
Agile Stacks,AI,2016-12-29,2019-02-07,2019-02-07,25.29566360052562,1,SFBA,2420000,1.0,1.0,2016
Agno,AI,2024-08-29,,2024-12-23,3.8107752956636003,0,GNYA,5404992,,3.0,2024
Agolo,AI,2017-05-03,,2024-12-23,91.688567674113,0,GNYA,3500000,1.0,5.0,2017
Ahura AI,AI,2021-11-04,,2024-12-23,37.614980289093296,0,SFBA,3000000,2.0,3.0,2021
Ai4,AI,2020-01-24,,2024-12-23,58.96846254927726,0,GNYA,250454,,,2020
Aidaptive,AI,2022-04-21,,2024-12-23,32.09592641261498,0,SFBA,16000000,1.0,2.0,2022
Aiera,AI,2018-12-13,2020-02-12,2020-02-12,13.994743758212877,1,GNYA,3500000,1.0,5.0,2018
Airbyte,AI,2021-03-02,2021-05-25,2021-05-25,2.759526938239159,1,SFBA,5200000,1.0,12.0,2021
Airtrain AI,AI,2022-11-17,,2024-12-23,25.19710906701708,0,SFBA,3200000,1.0,9.0,2022
Airy,AI,2020-02-27,,2024-12-23,57.85151116951379,0,SFBA,6900000,,3.0,2020
Akila Labs,AI,2019-11-07,,2024-12-23,61.530880420499344,0,GNYA,205000,,2.0,2019
Aknext,AI,2023-02-06,2024-03-13,2024-03-13,13.173455978975033,1,GNYA,78000,,1.0,2023
Aktus AI,AI,2024-02-01,,2024-12-23,10.709592641261498,0,SFBA,3000000,,,2024
Alaffia Health,AI,2022-02-09,,2024-12-23,34.42838370565046,0,GNYA,5000000,2.0,7.0,2022
Alan AI,AI,2019-12-01,,2024-12-23,60.74244415243101,0,SFBA,4500000,,1.0,2019
Alcatraz AI,AI,2018-06-12,2022-09-13,2022-09-13,51.05124835742444,1,SFBA,4000000,2.0,3.0,2018
Alectio,AI,2021-02-04,,2024-12-23,46.583442838370566,0,SFBA,2600000,3.0,6.0,2021
Alex AI,AI,2024-05-15,,2024-12-23,7.293035479632063,0,SFBA,3000000,1.0,5.0,2024
Alexis,AI,2020-10-12,,2024-12-23,50.36136662286465,0,GNYA,2000000,,1.0,2020
Alhena AI,AI,2023-09-05,,2024-12-23,15.604467805519054,0,SFBA,4300000,,7.0,2023
Alife,AI,2021-05-03,2022-03-22,2022-03-22,10.611038107752956,1,SFBA,9500000,3.0,10.0,2021
Alkymi,AI,2020-02-26,2022-10-06,2022-10-06,31.307490144546648,1,GNYA,5000000,2.0,4.0,2020
Allium,AI,2022-07-15,2024-07-18,2024-07-18,24.113009198423125,1,GNYA,4250000,,3.0,2022
Allure Systems,AI,2017-09-05,,2024-12-23,87.58212877792378,0,GNYA,3000000,1.0,2.0,2017
AllyO,AI,2016-09-10,2017-11-30,2017-11-30,14.651773981603153,1,SFBA,3000000,1.0,2.0,2016
Alpha AI,AI,2022-03-01,,2024-12-23,33.77135348226018,0,GNYA,1000000,,,2022
Altcoin Advisors,AI,2018-01-20,,2024-12-23,83.08147174770039,0,GNYA,500000,,,2018
Ambient Scientific AI,AI,2021-12-31,,2024-12-23,35.74244415243101,0,SFBA,10000000,,,2021
Ambient.ai,AI,2017-09-08,,2024-12-23,87.48357424441524,0,SFBA,120000,,8.0,2017
Amigo AI,AI,2024-11-21,,2024-12-23,1.0512483574244416,0,GNYA,6300000,7.0,6.0,2024
Amira Learning,AI,2018-09-20,2019-09-11,2019-09-11,11.695137976346912,1,SFBA,3000000,,1.0,2018
Ampcontrol,AI,2020-11-01,2023-07-26,2023-07-26,32.75295663600526,1,GNYA,1100000,,2.0,2020
Amper Music,AI,2017-02-20,,2024-12-23,94.053876478318,0,GNYA,4000000,3.0,7.0,2017
AnChain.ai,AI,2018-08-01,2021-08-12,2021-08-12,36.366622864651774,1,SFBA,2000000,1.0,2.0,2018
Anakin,AI,2021-12-10,,2024-12-23,36.4323258869908,0,SFBA,1740000,,3.0,2021
Anari AI,AI,2021-04-13,,2024-12-23,44.349540078843624,0,SFBA,2000000,1.0,4.0,2021
Aniline,AI,2020-06-11,,2024-12-23,54.402102496714846,0,GNYA,3500000,,1.0,2020
Anon,AI,2023-11-22,,2024-12-23,13.042049934296976,0,SFBA,4600000,2.0,11.0,2023
Anryze,AI,2017-01-31,,2024-12-23,94.71090670170827,0,GNYA,130000,,1.0,2017
Ansaro,AI,2018-06-20,,2024-12-23,78.12089356110381,0,SFBA,3000000,,2.0,2018
Anterior,AI,2023-09-11,2024-06-08,2024-06-08,8.902759526938238,1,GNYA,3200000,,9.0,2023
AnthologyAI,AI,2022-11-30,2023-08-16,2023-08-16,8.508541392904073,1,GNYA,6000000,5.0,5.0,2022
Anysphere,AI,2023-07-20,2024-08-09,2024-08-09,12.680683311432325,1,SFBA,8000000,1.0,4.0,2023
Anytime AI,AI,2024-03-01,,2024-12-23,9.756898817345597,0,GNYA,1500000,,1.0,2024
Apella Technology,AI,2020-04-01,2021-12-20,2021-12-20,20.630749014454665,1,SFBA,3000000,,1.0,2020
ApertureData,AI,2024-10-10,,2024-12-23,2.431011826544021,0,SFBA,5250000,1.0,3.0,2024
Apetab,AI,2018-06-06,,2024-12-23,78.580814717477,0,GNYA,1000000,,,2018
Apical Technology,AI,2018-02-08,2024-10-01,2024-10-01,79.73061760840999,1,SFBA,1000000,,1.0,2018
Aporia,AI,2021-04-06,2022-02-22,2022-02-22,10.578186596583443,1,SFBA,5000000,2.0,5.0,2021
AppliedXL,AI,2021-04-21,,2024-12-23,44.086727989487514,0,GNYA,1500000,1.0,5.0,2021
Apprente,AI,2018-01-22,,2024-12-23,83.01576872536137,0,SFBA,4750000,2.0,14.0,2018
Apres,AI,2021-01-25,,2024-12-23,46.9119579500657,0,SFBA,1663411,2.0,3.0,2021
AptEdge,AI,2019-01-15,,2024-12-23,71.25492772667542,0,SFBA,1900000,2.0,3.0,2019
Aptivio,AI,2020-05-12,2024-08-30,2024-08-30,51.60972404730617,1,GNYA,1500000,,4.0,2020
Aptology,AI,2019-01-30,,2024-12-23,70.76215505913272,0,SFBA,8400000,2.0,4.0,2019
Aquarium,AI,2020-08-22,,2024-12-23,52.03679369250985,0,SFBA,125000,1.0,2.0,2020
Arc Web Solutions,AI,2023-06-12,2023-12-06,2023-12-06,5.814717477003942,1,GLA,110000,,,2023
Arcanna.Ai,AI,2023-12-19,,2024-12-23,12.155059132720105,0,GNYA,3500000,2.0,5.0,2023
Arcee.ai,AI,2024-01-24,2024-07-18,2024-07-18,5.781865965834428,1,SFBA,5500000,1.0,7.0,2024
Arch Systems,AI,2016-04-15,2022-07-14,2022-07-14,74.93429697766096,1,SFBA,2100000,4.0,7.0,2016
Archipelo,AI,2021-07-17,,2024-12-23,41.22864651773981,0,SFBA,8000000,,12.0,2021
Arcuity,AI,2018-02-01,,2024-12-23,82.68725361366623,0,GLA,315000,,1.0,2018
Aren,AI,2021-09-20,,2024-12-23,39.09329829172142,0,GNYA,2371996,1.0,9.0,2021
Argo,AI,2024-05-14,,2024-12-23,7.3258869908015765,0,GNYA,600000,,1.0,2024
Arize AI,AI,2020-02-12,2021-09-28,2021-09-28,19.513797634691194,1,SFBA,4024999,1.0,4.0,2020
Arkham Technologies,AI,2024-06-15,,2024-12-23,6.274638633377135,0,GMA,2500000,,6.0,2024
Arraiy,AI,2017-01-17,2018-03-27,2018-03-27,14.257555847568987,1,SFBA,3860000,1.0,5.0,2017
Arrikto,AI,2019-03-09,2020-11-16,2020-11-16,20.302233902759525,1,SFBA,3000000,,,2019
Arthur,AI,2019-12-11,2020-12-09,2020-12-09,11.957950065703022,1,GNYA,3300000,2.0,4.0,2019
Arundo Analytics,AI,2016-08-22,2018-01-25,2018-01-25,17.115637319316686,1,SFBA,5000000,,3.0,2016
Askdata,AI,2019-03-18,,2024-12-23,69.21813403416557,0,SFBA,150000,,2.0,2019
AssemblyAI,AI,2017-08-23,2022-03-04,2022-03-04,54.33639947437582,1,SFBA,120000,,1.0,2017
Astronomer,AI,2016-10-11,2020-05-18,2020-05-18,43.19973718791064,1,GNYA,1900000,1.0,5.0,2016
Atexto,AI,2019-12-02,,2024-12-23,60.709592641261494,0,SFBA,713000,8.0,11.0,2019
Athina AI,AI,2024-11-13,,2024-12-23,1.314060446780552,0,SFBA,2961259,,4.0,2024
Atmo,AI,2022-11-30,,2024-12-23,24.7700394218134,0,SFBA,11200000,,1.0,2022
Atomic AI,AI,2021-01-01,2023-01-25,2023-01-25,24.7700394218134,1,SFBA,7000000,,9.0,2021
Audioshake,AI,2021-10-18,,2024-12-23,38.17345597897503,0,SFBA,2000000,1.0,15.0,2021
Auditoria.AI,AI,2020-09-22,2021-03-31,2021-03-31,6.241787122207621,1,SFBA,6000000,2.0,4.0,2020
Augment CXM,AI,2017-09-14,,2024-12-23,87.28646517739816,0,SFBA,5000000,1.0,2.0,2017
Augmented Radar Imaging,AI,2018-08-22,,2024-12-23,76.05124835742444,0,SFBA,120000,,5.0,2018
Auk Industries,AI,2019-10-31,2022-12-01,2022-12-01,37.023653088042046,1,SFBA,1350000,,,2019
Auro Robotics,AI,2016-04-26,,2024-12-23,103.90932982917214,0,SFBA,2100000,,3.0,2016
Autify,AI,2019-10-01,2021-10-06,2021-10-06,24.178712220762154,1,SFBA,2500000,,6.0,2019
Autobound,AI,2023-02-23,,2024-12-23,21.97766097240473,0,SFBA,4000000,,1.0,2023
Automated Grading Services (AGS),AI,2021-06-25,,2024-12-23,41.95137976346912,0,GNYA,1000000,,,2021
Automation Hero,AI,2018-04-24,2019-03-13,2019-03-13,10.611038107752956,1,SFBA,4500000,2.0,4.0,2018
Avaamo,AI,2016-10-06,2018-05-08,2018-05-08,19.021024967148488,1,SFBA,3000000,2.0,6.0,2016
Avoma,AI,2020-01-07,2021-12-22,2021-12-22,23.488830486202364,1,SFBA,3000000,1.0,4.0,2020
Axiom Cloud,AI,2021-01-26,2021-10-11,2021-10-11,8.47568988173456,1,SFBA,1100000,2.0,4.0,2021
Ayyeka Technologies,AI,2016-03-02,,2024-12-23,105.71616294349539,0,GNYA,2560000,,3.0,2016
Azzurra Health,AI,2022-12-03,2023-07-28,2023-07-28,7.7858081471747695,1,GLA,90000,,,2022
BYO corp,AI,2024-01-17,,2024-12-23,11.202365308804204,0,GNYA,3000000,,,2024
"Baarb, Inc.",AI,2018-08-01,,2024-12-23,76.74113009198423,0,GLA,150000,6.0,1.0,2018
Bacca.ai,AI,2024-04-01,,2024-12-23,8.73850197109067,0,SFBA,3600000,7.0,5.0,2024
Baffle,AI,2016-10-25,2018-01-17,2018-01-17,14.750328515111695,1,SFBA,3000000,1.0,3.0,2016
Banana,AI,2024-02-05,,2024-12-23,10.578186596583443,0,SFBA,3400000,,2.0,2024
Base64,AI,2022-02-25,,2024-12-23,33.90275952693824,0,GNYA,1527000,2.0,9.0,2022
Baseten,AI,2022-04-26,2022-04-26,2022-04-26,0.0,1,SFBA,8000000,1.0,9.0,2022
BeConfident,AI,2024-04-23,,2024-12-23,8.015768725361367,0,SFBA,500000,,11.0,2024
Beam,AI,2022-05-10,,2024-12-23,31.471747700394218,0,GNYA,3500000,,15.0,2022
Bear Robotics,AI,2018-04-25,2020-01-22,2020-01-22,20.92641261498029,1,SFBA,2000000,,1.0,2018
Bee,AI,2024-07-29,,2024-12-23,4.829172141918528,0,SFBA,5500000,,5.0,2024
Beehive AI,AI,2023-06-01,,2024-12-23,18.758212877792378,0,SFBA,5100000,1.0,1.0,2023
Beem,AI,2022-05-02,,2024-12-23,31.734559789750328,0,SFBA,7000000,1.0,14.0,2022
Bench AI,AI,2023-06-20,,2024-12-23,18.134034165571617,0,SFBA,150000,,1.0,2023
BentoML,AI,2023-06-26,,2024-12-23,17.936925098554532,0,SFBA,6000000,1.0,3.0,2023
Bestmile,AI,2017-04-15,2018-03-22,2018-03-22,11.202365308804204,1,SFBA,5500000,3.0,4.0,2017
Besty AI,AI,2024-08-20,,2024-12-23,4.106438896189225,0,GLA,1500000,4.0,3.0,2024
Beta.ai,AI,2021-07-10,,2024-12-23,41.45860709592641,0,SFBA,40274,,,2021
Bettani,AI,2020-09-01,,2024-12-23,51.708278580814714,0,SFBA,7500000,1.0,11.0,2020
BetterHealth.ai,AI,2018-06-01,,2024-12-23,78.74507227332457,0,SFBA,100000,,,2018
Beyond Imagination,AI,2018-02-01,,2024-12-23,82.68725361366623,0,GLA,1200000,,1.0,2018
Bidease,AI,2019-02-04,,2024-12-23,70.59789750328515,0,GNYA,4000000,,,2019
Bifrost AI,AI,2023-03-01,2024-10-30,2024-10-30,20.006570302233904,1,SFBA,3500000,3.0,3.0,2023
Bigeye,AI,2020-05-27,2021-04-15,2021-04-15,10.611038107752956,1,SFBA,4000000,1.0,5.0,2020
Billables AI,AI,2024-10-02,,2024-12-23,2.6938239159001314,0,SFBA,3900000,1.0,5.0,2024
Biotia,AI,2019-12-10,2022-08-23,2022-08-23,32.42444152431012,1,GNYA,2400000,3.0,4.0,2019
Birdie.ai,AI,2022-02-10,,2024-12-23,34.39553219448094,0,SFBA,7000000,3.0,9.0,2022
Bito,AI,2023-06-13,,2024-12-23,18.363994743758212,0,SFBA,3200000,,9.0,2023
Blendid,AI,2017-06-12,2019-05-24,2019-05-24,23.35742444152431,1,SFBA,3781643,,1.0,2017
Blink Technologies,AI,2018-05-07,2021-11-09,2021-11-09,42.11563731931669,1,SFBA,4500000,,1.0,2018
BlueOceanAI,AI,2019-10-01,2021-07-21,2021-07-21,21.64914586070959,1,SFBA,5000000,,,2019
Blutag,AI,2018-07-23,,2024-12-23,77.03679369250985,0,GNYA,1500000,3.0,6.0,2018
Bluwhale,AI,2016-05-04,,2024-12-23,103.64651773981603,0,SFBA,2050000,1.0,18.0,2016
Blyp,AI,2022-02-02,,2024-12-23,34.65834428383705,0,GNYA,4000000,1.0,6.0,2022
Bobyard,AI,2023-12-12,,2024-12-23,12.3850197109067,0,SFBA,3634001,,,2023
Bodymatter,AI,2022-02-10,,2024-12-23,34.39553219448094,0,GLA,3000000,,,2022
Bold Metrics,AI,2016-04-05,2022-05-26,2022-05-26,73.65308804204993,1,SFBA,300000,1.0,1.0,2016
Boomitra,AI,2021-06-22,,2024-12-23,42.04993429697766,0,SFBA,4000000,2.0,6.0,2021
BoostUp.ai,AI,2020-09-08,2021-04-28,2021-04-28,7.621550591327201,1,SFBA,6250000,1.0,8.0,2020
Booth AI,AI,2023-05-01,,2024-12-23,19.776609724047304,0,SFBA,2200000,,5.0,2023
BotCentral,AI,2016-05-01,,2024-12-23,103.74507227332457,0,SFBA,3000000,,,2016
Botanalytics,AI,2017-05-28,,2024-12-23,90.86727989487515,0,SFBA,301757,,1.0,2017
Bouncer,AI,2018-10-03,,2024-12-23,74.67148488830486,0,SFBA,150000,,,2018
Boundless Mind,AI,2016-09-06,,2024-12-23,99.5400788436268,0,GLA,100000,1.0,1.0,2016
Bountiful,AI,2017-03-22,,2024-12-23,93.06833114323258,0,SFBA,1400000,3.0,7.0,2017
Bowery Farming,AI,2017-02-24,2017-06-14,2017-06-14,3.6136662286465175,1,GNYA,7500000,5.0,17.0,2017
BrandTotal,AI,2017-07-26,2018-09-25,2018-09-25,13.994743758212877,1,GNYA,2000000,1.0,2.0,2017
Brave,AI,2016-08-01,2019-03-27,2019-03-27,31.800262812089354,1,SFBA,4500000,7.0,14.0,2016
Breeze Intelligence,AI,2022-11-05,,2024-12-23,25.591327201051246,0,GLA,4000000,1.0,5.0,2022
Breinify,AI,2017-05-01,,2024-12-23,91.75427069645204,0,SFBA,1405000,1.0,7.0,2017
Brevi Scribe,AI,2022-05-01,,2024-12-23,31.76741130091984,0,SFBA,270000,,,2022
Bridgewise,AI,2022-12-01,2024-04-16,2024-04-16,16.491458607095925,1,GNYA,13000000,,3.0,2022
Bright Security,AI,2020-10-15,2022-03-01,2022-03-01,16.491458607095925,1,SFBA,4700000,2.0,5.0,2020
Brooklyn Investment Group,AI,2019-12-06,,2024-12-23,60.57818659658344,0,GNYA,4000000,,4.0,2019
Browsi,AI,2016-01-01,2020-01-01,2020-01-01,47.99605781865966,1,GNYA,3000000,,2.0,2016
Brud,AI,2017-05-01,2018-05-15,2018-05-15,12.450722733245728,1,GLA,100000,1.0,3.0,2017
Bryte,AI,2018-01-04,2021-01-13,2021-01-13,36.300919842312744,1,SFBA,1000346,,,2018
Bumblebee Spaces,AI,2018-08-17,2019-11-21,2019-11-21,15.14454664914586,1,SFBA,4700000,1.0,4.0,2018
Bunch AI,AI,2018-04-24,,2024-12-23,79.99342969776609,0,GNYA,1370589,3.0,5.0,2018
Butlr,AI,2021-05-03,2022-07-26,2022-07-26,14.750328515111695,1,SFBA,8000000,1.0,14.0,2021
Butter Payments,AI,2020-08-15,2023-01-11,2023-01-11,28.876478318002626,1,SFBA,2000000,1.0,1.0,2020
Butterflies.AI,AI,2024-06-18,,2024-12-23,6.176084099868594,0,SFBA,4800000,1.0,2.0,2024
Buzz Solutions,AI,2020-06-26,,2024-12-23,53.90932982917214,0,SFBA,1200000,2.0,5.0,2020
"ByteGain, Inc.",AI,2016-10-15,,2024-12-23,98.25886990801577,0,SFBA,2500000,,6.0,2016
CARFIT,AI,2016-05-16,,2024-12-23,103.25229960578186,0,SFBA,2250000,3.0,3.0,2016
CIPIO.ai,AI,2021-01-01,,2024-12-23,47.70039421813403,0,SFBA,2085000,,1.0,2021
CITYDATA.ai,AI,2020-10-15,,2024-12-23,50.26281208935611,0,SFBA,2200000,,10.0,2020
CModel,AI,2023-10-25,,2024-12-23,13.961892247043364,0,SFBA,1000000,,1.0,2023
Cake AI,AI,2024-12-04,,2024-12-23,0.6241787122207622,0,GNYA,10000000,1.0,7.0,2024
Calabria Technology,AI,2023-03-04,,2024-12-23,21.681997371879106,0,GNYA,101000,,,2023
Camouflet,AI,2024-11-12,,2024-12-23,1.3469119579500657,0,GLA,3000000,,,2024
Canopy,AI,2018-11-01,,2024-12-23,73.71879106438895,0,GNYA,4500000,1.0,2.0,2018
Capture Technologies,AI,2018-06-18,,2024-12-23,78.18659658344284,0,GLA,1000000,3.0,9.0,2018
CarForce,AI,2017-12-01,,2024-12-23,84.72404730617608,0,SFBA,1000000,,1.0,2017
Cashmere AI,AI,2024-05-08,,2024-12-23,7.522996057818659,0,GLA,4609665,1.0,5.0,2024
Cass AI,AI,2022-10-07,,2024-12-23,26.544021024967147,0,SFBA,4600000,1.0,1.0,2022
Cassidy,AI,2024-08-20,,2024-12-23,4.106438896189225,0,GNYA,3650000,,7.0,2024
Catalyze AI,AI,2021-10-01,,2024-12-23,38.73193166885677,0,GLA,2000000,,,2021
CatalyzeX,AI,2021-09-22,,2024-12-23,39.02759526938239,0,SFBA,1640000,2.0,17.0,2021
Ceevra,AI,2018-03-31,,2024-12-23,80.78186596583443,0,SFBA,1600000,,12.0,2018
Celera,AI,2019-09-19,,2024-12-23,63.14060446780552,0,SFBA,3000000,,1.0,2019
Celestial AI,AI,2021-01-05,2022-02-04,2022-02-04,12.976346911957949,1,SFBA,2874997,1.0,2.0,2021
Cerebra,AI,2018-04-01,2022-02-08,2022-02-08,46.28777923784494,1,SFBA,1500000,,3.0,2018
CerebraAI,AI,2021-06-21,,2024-12-23,42.08278580814717,0,SFBA,1000000,,3.0,2021
ChainML,AI,2022-09-27,,2024-12-23,26.872536136662287,0,SFBA,4000000,,4.0,2022
Chalk,AI,2023-02-13,,2024-12-23,22.306176084099867,0,SFBA,338298,1.0,3.0,2023
Character.ai,AI,2023-01-24,2023-03-23,2023-03-23,1.9053876478318001,1,SFBA,80000,,4.0,2023
Chartmetric,AI,2016-01-10,,2024-12-23,107.42444152431011,0,SFBA,1000000,,2.0,2016
Chatdesk,AI,2017-12-27,2022-01-18,2022-01-18,48.71879106438896,1,GNYA,2004998,1.0,5.0,2017
Checkit AI,AI,2022-05-11,,2024-12-23,31.438896189224703,0,SFBA,1500000,,10.0,2022
Chef Robotics,AI,2021-05-13,,2024-12-23,43.36399474375821,0,SFBA,5500000,2.0,13.0,2021
Chooch,AI,2019-04-18,2020-11-16,2020-11-16,18.988173455978973,1,SFBA,2800000,1.0,23.0,2019
Cindicator,AI,2017-08-15,,2024-12-23,88.27201051248358,0,GNYA,500000,,2.0,2017
Circlemind,AI,2024-12-04,,2024-12-23,0.6241787122207622,0,SFBA,500000,1.0,2.0,2024
Claim Genius,AI,2018-03-01,2020-07-22,2020-07-22,28.71222076215506,1,GNYA,2200000,,,2018
ClaimScore,AI,2024-04-17,,2024-12-23,8.21287779237845,0,GNYA,3150000,1.0,1.0,2024
Claira Inc,AI,2024-03-01,,2024-12-23,9.756898817345597,0,GNYA,230000,,1.0,2024
Clarity AI,AI,2019-01-31,,2024-12-23,70.7293035479632,0,GNYA,10000000,,4.0,2019
Clause,AI,2017-05-03,2019-06-27,2019-06-27,25.78843626806833,1,GNYA,793179,,,2017
Cleanlab,AI,2023-07-20,2023-10-10,2023-10-10,2.6938239159001314,1,SFBA,5000000,2.0,1.0,2023
ClearBrain,AI,2018-02-07,,2024-12-23,82.49014454664915,0,SFBA,1240000,1.0,6.0,2018
ClearGraph,AI,2016-03-11,,2024-12-23,105.42049934296978,0,SFBA,1500000,1.0,3.0,2016
Clerkie,AI,2020-12-15,2023-04-18,2023-04-18,28.055190538764784,1,SFBA,6000000,,,2020
Clientell,AI,2024-04-15,,2024-12-23,8.278580814717477,0,SFBA,2500000,1.0,4.0,2024
Clinch,AI,2016-09-01,2021-05-13,2021-05-13,56.34034165571616,1,GNYA,3000000,,1.0,2016
Cline,AI,2024-11-01,,2024-12-23,1.7082785808147174,0,SFBA,5000000,,,2024
CloseFactor,AI,2022-06-01,2022-08-01,2022-08-01,2.0039421813403417,1,SFBA,4500000,1.0,2.0,2022
CoCoPIE,AI,2021-03-01,2021-08-24,2021-08-24,5.781865965834428,1,GLA,100000,,,2021
Coactive AI,AI,2023-03-01,2023-03-21,2023-03-21,0.657030223390276,1,SFBA,3600000,,7.0,2023
Cochl,AI,2017-08-21,2020-05-28,2020-05-28,33.21287779237845,1,SFBA,270000,,1.0,2017
Coframe,AI,2024-10-29,,2024-12-23,1.8068331143232588,0,SFBA,9300000,1.0,16.0,2024
CogniCor,AI,2019-05-01,,2024-12-23,67.77266754270696,0,SFBA,650000,1.0,3.0,2019
Cognigo,AI,2016-08-01,2018-11-13,2018-11-13,27.398160315374508,1,GNYA,2400000,,2.0,2016
Cognitive Talent Solutions,AI,2022-04-01,,2024-12-23,32.75295663600526,0,SFBA,680000,,2.0,2022
CognitiveCare,AI,2020-12-01,,2024-12-23,48.71879106438896,0,SFBA,300000,,,2020
Cognizer,AI,2019-09-01,,2024-12-23,63.73193166885677,0,SFBA,3100000,,2.0,2019
Coiled,AI,2020-10-01,2021-05-18,2021-05-18,7.522996057818659,1,GNYA,5000000,3.0,5.0,2020
Collokia,AI,2016-06-16,,2024-12-23,102.23390275952693,0,SFBA,1300000,,2.0,2016
Collov,AI,2021-10-28,2023-06-12,2023-06-12,19.44809461235217,1,SFBA,9000000,1.0,8.0,2021
ColonAI,AI,2020-09-15,,2024-12-23,51.24835742444152,0,GNYA,30000,1.0,1.0,2020
Color Intelligence,AI,2021-07-28,,2024-12-23,40.86727989487516,0,GLA,500000,,1.0,2021
ColorTV,AI,2016-07-10,,2024-12-23,101.4454664914586,0,SFBA,1500000,,1.0,2016
Comet,AI,2018-04-05,2021-04-08,2021-04-08,36.10381077529566,1,GNYA,2300000,2.0,6.0,2018
CompScience,AI,2021-06-07,2023-07-27,2023-07-27,25.62417871222076,1,SFBA,4000000,4.0,3.0,2021
Competera,AI,2019-09-30,,2024-12-23,62.779237844940866,0,SFBA,2800000,,1.0,2019
Compliance.ai,AI,2017-06-12,2020-11-10,2020-11-10,40.9658344283837,1,SFBA,4000000,2.0,1.0,2017
Concertio,AI,2020-04-02,,2024-12-23,56.70170827858081,0,GNYA,4200000,1.0,11.0,2020
Concourse,AI,2024-10-15,,2024-12-23,2.266754270696452,0,GNYA,4700000,,5.0,2024
ConcreteAI,AI,2022-01-13,,2024-12-23,35.31537450722733,0,GLA,2000000,,1.0,2022
Conducto,AI,2019-10-18,,2024-12-23,62.187910643889616,0,GNYA,3000000,,,2019
Confido Health,AI,2024-12-19,,2024-12-23,0.1314060446780552,0,GNYA,3000000,3.0,5.0,2024
Connectly.ai,AI,2021-02-01,2023-09-21,2023-09-21,31.603153745072273,1,SFBA,4000000,,3.0,2021
Consensus,AI,2023-04-21,2024-07-23,2024-07-23,15.078843626806833,1,SFBA,3000000,2.0,10.0,2023
Constellation,AI,2018-04-03,,2024-12-23,80.68331143232588,0,GNYA,2600000,,,2018
Constructor,AI,2016-01-26,2021-09-15,2021-09-15,67.64126149802891,1,SFBA,1100000,2.0,6.0,2016
Contextual AI,AI,2023-06-07,2024-08-01,2024-08-01,13.830486202365309,1,SFBA,20000000,1.0,11.0,2023
Continual,AI,2021-12-16,2022-06-08,2022-06-08,5.716162943495401,1,SFBA,4000000,1.0,6.0,2021
Convai,AI,2022-10-01,,2024-12-23,26.741130091984232,0,SFBA,5000000,1.0,1.0,2022
Conversion,AI,2021-07-01,,2024-12-23,41.75427069645203,0,SFBA,2000000,,2.0,2021
Convexa,AI,2023-09-27,,2024-12-23,14.88173455978975,0,GLA,250000,,,2023
Copilot,AI,2022-01-01,,2024-12-23,35.709592641261494,0,SFBA,3000000,,2.0,2022
Copyleaks,AI,2016-09-01,2022-05-24,2022-05-24,68.69250985545335,1,GNYA,200000,,2.0,2016
CoreWeave,AI,2018-07-30,2019-10-01,2019-10-01,14.060446780551905,1,GNYA,3000000,,,2018
Corigine,AI,2021-03-22,,2024-12-23,45.072273324572926,0,SFBA,10000000,,7.0,2021
Cosine,AI,2024-08-12,,2024-12-23,4.369250985545335,0,SFBA,2500000,1.0,5.0,2024
Covariant,AI,2017-11-07,2019-01-15,2019-01-15,14.257555847568987,1,SFBA,7000000,3.0,7.0,2017
Coxwave Align,AI,2021-09-15,,2024-12-23,39.25755584756899,0,SFBA,800000,1.0,4.0,2021
Creative Intell,AI,2022-07-26,,2024-12-23,28.942181340341655,0,GNYA,3000000,1.0,15.0,2022
CrediBLL Inc.,AI,2017-11-18,,2024-12-23,85.15111695137976,0,SFBA,350000,,2.0,2017
CredibleMind,AI,2018-10-16,2024-10-29,2024-10-29,72.43758212877792,1,SFBA,800000,,,2018
Credo AI,AI,2021-10-19,2022-05-17,2022-05-17,6.898817345597897,1,SFBA,5500000,1.0,3.0,2021
Cresta,AI,2020-02-02,2020-02-03,2020-02-03,0.0328515111695138,1,SFBA,6000000,1.0,1.0,2020
CrewAI,AI,2024-10-22,2024-10-22,2024-10-22,0.0,1,SFBA,6500000,,2.0,2024
Crossing Minds,AI,2017-07-15,2021-10-18,2021-10-18,51.116951379763464,1,SFBA,3500000,,4.0,2017
CrowdAI,AI,2016-08-24,2021-04-08,2021-04-08,55.45335085413929,1,SFBA,120000,3.0,3.0,2016
CrowdAmp Inc.,AI,2017-11-01,,2024-12-23,85.7095926412615,0,GLA,820000,,4.0,2017
Cubroid Inc.,AI,2017-06-24,,2024-12-23,89.98028909329828,0,GLA,88117,,1.0,2017
Cusman,AI,2024-09-06,,2024-12-23,3.54796320630749,0,SFBA,1200000,,1.0,2024
CustomerSuccessBox,AI,2018-03-19,,2024-12-23,81.17608409986859,0,SFBA,1000000,1.0,2.0,2018
Cybord,AI,2022-03-08,2024-09-17,2024-09-17,30.354796320630747,1,GNYA,4000000,2.0,3.0,2022
DIANAR,AI,2019-12-05,,2024-12-23,60.611038107752954,0,GLA,2000000,,1.0,2019
DNABLOCK,AI,2021-09-07,,2024-12-23,39.5203679369251,0,GLA,1200000,1.0,5.0,2021
DRIFTERS TECH INC,AI,2022-04-23,2024-10-10,2024-10-10,29.59921156373193,1,GNYA,2000000,,,2022
DarkHorse,AI,2020-03-01,,2024-12-23,57.75295663600525,0,SFBA,100000,,3.0,2020
Darmiyan,AI,2017-10-01,,2024-12-23,86.72798948751642,0,SFBA,3700000,1.0,11.0,2017
Dasha.AI,AI,2019-03-15,,2024-12-23,69.3166885676741,0,GNYA,2000000,1.0,1.0,2019
Dashbot,AI,2016-12-01,2023-03-30,2023-03-30,75.88699080157687,1,SFBA,2000000,2.0,6.0,2016
DataDome,AI,2018-01-31,,2024-12-23,82.72010512483574,0,GNYA,3104294,1.0,2.0,2018
DataFleets,AI,2020-10-26,,2024-12-23,49.90144546649146,0,SFBA,4500000,1.0,9.0,2020
DataNeuron,AI,2021-02-01,,2024-12-23,46.681997371879106,0,SFBA,750000,,1.0,2021
Databook,AI,2020-02-12,2021-04-27,2021-04-27,14.45466491458607,1,SFBA,5000000,2.0,3.0,2020
Datagran,AI,2018-01-10,,2024-12-23,83.40998685939553,0,SFBA,1240000,4.0,2.0,2018
Datalog.ai,AI,2016-05-01,,2024-12-23,103.74507227332457,0,GLA,3000000,,,2016
Datalogue,AI,2017-02-02,,2024-12-23,94.64520367936925,0,GNYA,1500000,2.0,5.0,2017
Datatron,AI,2022-01-21,,2024-12-23,35.05256241787122,0,SFBA,12100000,,,2022
Datawisp,AI,2022-08-11,,2024-12-23,28.416557161629434,0,GNYA,3600000,1.0,5.0,2022
Daydream,AI,2024-06-20,,2024-12-23,6.110381077529566,0,SFBA,50000000,7.0,5.0,2024
Daytona,AI,2024-06-25,,2024-12-23,5.946123521681997,0,GNYA,5000000,1.0,2.0,2024
DeGirum,AI,2017-08-24,2022-05-18,2022-05-18,56.76741130091984,1,SFBA,619250,,,2017
Decagon,AI,2024-06-18,2024-06-18,2024-06-18,0.0,1,SFBA,5000000,1.0,1.0,2024
Decart,AI,2023-12-01,2024-12-19,2024-12-19,12.614980289093298,1,SFBA,3000000,2.0,1.0,2023
Deep 6 AI,AI,2016-03-28,2019-11-25,2019-11-25,43.922470433639944,1,GLA,120000,2.0,2.0,2016
Deep Infra,AI,2023-11-09,,2024-12-23,13.469119579500656,0,SFBA,8000000,1.0,2.0,2023
DeepBrain AI,AI,2017-08-11,2019-11-19,2019-11-19,27.266754270696453,1,SFBA,1750000,,2.0,2017
DeepMap,AI,2016-05-01,2017-05-04,2017-05-04,12.089356110381077,1,SFBA,7000000,,3.0,2016
DeepMotion,AI,2019-03-20,,2024-12-23,69.15243101182654,0,SFBA,2200000,,3.0,2019
DeepNFTValue,AI,2022-07-09,,2024-12-23,29.50065703022339,0,GMA,4000000,1.0,3.0,2022
DeepScribe,AI,2019-09-01,2022-01-11,2022-01-11,28.350854139290405,1,SFBA,2000000,5.0,7.0,2019
DeepVideo,AI,2016-01-01,,2024-12-23,107.72010512483574,0,GMA,1000000,,,2016
DeepVu,AI,2016-09-01,,2024-12-23,99.70433639947437,0,SFBA,250000,,,2016
Deepblocks,AI,2016-11-14,,2024-12-23,97.27332457293035,0,GMA,1000000,,,2016
Deepgram,AI,2016-03-22,2020-03-18,2020-03-18,47.8646517739816,1,SFBA,120000,,2.0,2016
Deepnote,AI,2020-02-06,2022-01-31,2022-01-31,23.817345597897503,1,SFBA,3800000,1.0,11.0,2020
Defog,AI,2023-11-22,,2024-12-23,13.042049934296976,0,SFBA,2200000,,6.0,2023
Delee,AI,2017-04-07,,2024-12-23,92.54270696452036,0,SFBA,1200000,,1.0,2017
Determined AI,AI,2017-01-01,2019-03-13,2019-03-13,26.31406044678055,1,SFBA,2600000,1.0,1.0,2017
DevAccuracy,AI,2023-02-23,,2024-12-23,21.97766097240473,0,SFBA,428000,,1.0,2023
Devron,AI,2020-11-23,2022-02-09,2022-02-09,14.553219448094612,1,GNYA,2999988,,3.0,2020
DiffuseDrive,AI,2024-05-20,,2024-12-23,7.128777923784494,0,SFBA,3420998,1.0,2.0,2024
DigiRecBot AI,AI,2024-10-01,,2024-12-23,2.726675427069645,0,GLA,3000000,,1.0,2024
DigitalOwl,AI,2021-02-08,2022-01-26,2022-01-26,11.563731931668856,1,GNYA,6500000,,4.0,2021
Dil Mil,AI,2016-04-01,,2024-12-23,104.73061760840999,0,SFBA,2700000,1.0,13.0,2016
DirecTech Labs,AI,2017-10-01,,2024-12-23,86.72798948751642,0,GLA,1050000,,2.0,2017
DirectAI,AI,2022-10-04,,2024-12-23,26.642575558475688,0,GNYA,625000,,,2022
Dishcraft Robotics,AI,2017-05-17,2019-06-18,2019-06-18,25.03285151116951,1,SFBA,5242013,4.0,4.0,2017
Distributed Systems,AI,2017-01-01,,2024-12-23,95.69645203679369,0,SFBA,1700000,,2.0,2017
Distyl AI,AI,2023-04-13,2024-09-24,2024-09-24,17.41130091984231,1,SFBA,7000000,1.0,6.0,2023
Docket,AI,2023-10-03,2024-07-25,2024-07-25,9.724047306176084,1,SFBA,5350000,1.0,1.0,2023
Docyt,AI,2021-02-25,2022-04-06,2022-04-06,13.304862023653088,1,SFBA,1500000,1.0,2.0,2021
Dor,AI,2017-05-17,2018-08-06,2018-08-06,14.651773981603153,1,SFBA,3800000,,3.0,2017
Doxel,AI,2018-01-24,2020-01-01,2020-01-01,23.226018396846253,1,SFBA,4500000,1.0,6.0,2018
Dragonfruit AI,AI,2022-03-28,,2024-12-23,32.88436268068331,0,SFBA,10000000,,2.0,2022
Dresma,AI,2021-10-25,,2024-12-23,37.943495400788436,0,SFBA,3000000,1.0,3.0,2021
Drishti,AI,2017-06-05,2018-05-09,2018-05-09,11.103810775295663,1,SFBA,2000000,4.0,2.0,2017
DroneAi,AI,2017-04-04,,2024-12-23,92.64126149802891,0,GLA,2000000,,1.0,2017
DropStat,AI,2023-05-03,,2024-12-23,19.71090670170828,0,GLA,2516712,1.0,2.0,2023
Dropprint Genomics,AI,2020-03-17,,2024-12-23,57.22733245729303,0,SFBA,150000,,1.0,2020
Duality,AI,2019-09-03,2021-12-07,2021-12-07,27.135348226018397,1,SFBA,3100000,,5.0,2019
Dyania Health,AI,2022-09-08,2024-10-24,2024-10-24,25.52562417871222,1,GNYA,5300000,1.0,9.0,2022
Dynamo AI,AI,2022-09-20,2023-08-16,2023-08-16,10.840998685939553,1,SFBA,4150000,,14.0,2022
Dyneti Technologies,AI,2019-03-22,,2024-12-23,69.08672798948751,0,SFBA,2150000,,3.0,2019
E-Guardians AI,AI,2024-03-01,,2024-12-23,9.756898817345597,0,GLA,2300000,,,2024
EPICA,AI,2017-06-04,,2024-12-23,90.63731931668856,0,GMA,1000000,,7.0,2017
EYSZ,AI,2020-07-01,,2024-12-23,53.745072273324574,0,SFBA,1950000,,3.0,2020
Earthshot Labs,AI,2021-10-01,2024-05-10,2024-05-10,31.274638633377133,1,SFBA,7000000,1.0,4.0,2021
Echo AI,AI,2016-01-01,2020-03-26,2020-03-26,50.78843626806833,1,SFBA,1100000,,12.0,2016
Economize,AI,2023-02-14,,2024-12-23,22.273324572930353,0,SFBA,600000,2.0,5.0,2023
Ed Machina,AI,2023-07-27,,2024-12-23,16.918528252299605,0,GNYA,1500000,2.0,1.0,2023
Edge Impulse,AI,2020-07-14,2021-05-18,2021-05-18,10.11826544021025,1,SFBA,5400000,1.0,4.0,2020
Edwin,AI,2018-03-15,,2024-12-23,81.30749014454665,0,SFBA,1500000,4.0,8.0,2018
Elementary,AI,2018-12-19,2020-06-30,2020-06-30,18.363994743758212,1,GLA,3600000,2.0,9.0,2018
EliseAI,AI,2019-03-11,2020-07-21,2020-07-21,16.36005256241787,1,GNYA,1928985,4.0,7.0,2019
Ema,AI,2024-03-05,2024-07-31,2024-07-31,4.862023653088042,1,SFBA,25000000,3.0,12.0,2024
Ember Flash Aerospace,AI,2024-07-14,,2024-12-23,5.321944809461235,0,SFBA,26000,,,2024
Encord,AI,2021-06-15,2021-10-13,2021-10-13,3.9421813403416555,1,SFBA,4500000,2.0,6.0,2021
Encounter AI,AI,2022-12-28,,2024-12-23,23.850197109067015,0,SFBA,1000000,2.0,1.0,2022
Enhencer,AI,2022-08-11,,2024-12-23,28.416557161629434,0,SFBA,700000,,5.0,2022
Enterpret,AI,2022-03-02,2024-12-04,2024-12-04,33.11432325886991,1,SFBA,4300000,1.0,3.0,2022
Envisagenics,AI,2017-11-28,2021-09-29,2021-09-29,46.02496714848883,1,GNYA,2400000,2.0,6.0,2017
Epilog AI,AI,2016-02-01,,2024-12-23,106.70170827858081,0,SFBA,500000,,1.0,2016
Erudit,AI,2022-01-01,2023-09-26,2023-09-26,20.795006570302235,1,GMA,3500000,,4.0,2022
Esports One,AI,2018-01-23,,2024-12-23,82.98291721419184,0,GLA,3000000,5.0,3.0,2018
Estimated Inc.,AI,2021-11-01,,2024-12-23,37.71353482260184,0,GNYA,1000,,3.0,2021
Ethiqly,AI,2023-07-04,,2024-12-23,17.67411300919842,0,GLA,80000,,,2023
Eventual,AI,2024-10-01,,2024-12-23,2.726675427069645,0,SFBA,7500000,,4.0,2024
Evercontact,AI,2016-08-30,,2024-12-23,99.7700394218134,0,GNYA,2500000,,1.0,2016
Everestlabs.AI,AI,2018-10-10,2022-09-28,2022-09-28,47.60183968462549,1,SFBA,1750000,,1.0,2018
Everguard.ai,AI,2019-12-01,,2024-12-23,60.74244415243101,0,GLA,6500000,,,2019
Everywhere,AI,2021-01-12,,2024-12-23,47.33902759526938,0,SFBA,100000,1.0,1.0,2021
Ex-human,AI,2023-05-01,,2024-12-23,19.776609724047304,0,SFBA,2300000,,9.0,2023
Exceed.ai,AI,2017-02-13,,2024-12-23,94.2838370565046,0,SFBA,1500000,,1.0,2017
EzDubs,AI,2024-12-11,,2024-12-23,0.39421813403416556,0,SFBA,4200000,,,2024
FEDML,AI,2023-03-28,,2024-12-23,20.893561103810775,0,SFBA,6000000,1.0,5.0,2023
FINNY,AI,2024-12-11,,2024-12-23,0.39421813403416556,0,GNYA,4300000,2.0,8.0,2024
Facilio,AI,2017-01-01,2018-12-05,2018-12-05,23.0946123521682,1,GNYA,1000000,,1.0,2017
FairPlay,AI,2021-11-15,2022-07-18,2022-07-18,8.04862023653088,1,GLA,4500000,,6.0,2021
Fakespot,AI,2018-09-04,2020-11-30,2020-11-30,26.872536136662287,1,GNYA,1300000,3.0,3.0,2018
Famecast Media,AI,2020-03-11,,2024-12-23,57.42444152431012,0,GLA,2000000,,,2020
FanAI,AI,2017-07-27,2019-11-14,2019-11-14,27.59526938239159,1,GLA,1800000,10.0,13.0,2017
Fashmates,AI,2022-02-01,,2024-12-23,34.69119579500657,0,SFBA,3000000,,1.0,2022
Fathom Computing,AI,2020-07-24,,2024-12-23,52.989487516425754,0,SFBA,2331298,1.0,4.0,2020
Feature,AI,2024-05-26,,2024-12-23,6.931668856767411,0,GLA,1900000,,5.0,2024
Featureform,AI,2023-12-13,,2024-12-23,12.352168199737187,0,SFBA,5500000,2.0,4.0,2023
Ferret,AI,2021-08-19,,2024-12-23,40.14454664914586,0,SFBA,4000000,,3.0,2021
Fidap,AI,2021-04-01,,2024-12-23,44.74375821287779,0,GNYA,3800000,2.0,2.0,2021
Fiddler AI,AI,2018-10-01,2019-09-25,2019-09-25,11.793692509855452,1,SFBA,3000000,,3.0,2018
Fileread,AI,2023-06-09,,2024-12-23,18.495400788436267,0,GNYA,6491996,1.0,3.0,2023
FinTech Studios,AI,2017-07-20,,2024-12-23,89.12614980289094,0,GNYA,1000000,1.0,2.0,2017
Flagship,AI,2023-06-08,,2024-12-23,18.528252299605782,0,GNYA,7915003,1.0,7.0,2023
Flowcast,AI,2016-11-07,2019-09-24,2019-09-24,34.526938239159,1,SFBA,2300000,1.0,9.0,2016
FloydHub,AI,2017-03-16,,2024-12-23,93.26544021024966,0,SFBA,4000000,1.0,11.0,2017
Flux,AI,2021-10-13,2024-11-01,2024-11-01,36.629434954007884,1,SFBA,12000000,,18.0,2021
Flye,AI,2016-11-18,,2024-12-23,97.14191852825229,0,SFBA,150000,,2.0,2016
Forethought,AI,2018-02-20,2018-12-04,2018-12-04,9.42838370565046,1,SFBA,1000000,8.0,9.0,2018
Formatech,AI,2020-01-31,,2024-12-23,58.73850197109067,0,SFBA,7000000,,8.0,2020
ForwardLane,AI,2018-03-15,,2024-12-23,81.30749014454665,0,GNYA,4250000,,2.0,2018
Fountain9,AI,2021-04-29,,2024-12-23,43.823915900131404,0,SFBA,1900000,3.0,6.0,2021
FourthBrain,AI,2021-10-21,,2024-12-23,38.07490144546649,0,SFBA,1600000,,1.0,2021
FoxyAI,AI,2021-12-23,,2024-12-23,36.00525624178712,0,GNYA,2054996,,,2021
Frame AI (acquired by HubSpot),AI,2016-09-13,2020-04-15,2020-04-15,43.03547963206307,1,GNYA,2400000,1.0,4.0,2016
Frank.ai,AI,2017-11-01,,2024-12-23,85.7095926412615,0,GNYA,265000,,1.0,2017
Freatz,AI,2020-04-01,,2024-12-23,56.73455978975033,0,GLA,95244,,1.0,2020
Fresno Unlimited,AI,2017-09-28,,2024-12-23,86.82654402102496,0,GLA,8000000,2.0,5.0,2017
FriendliAI,AI,2021-12-15,,2024-12-23,36.26806833114323,0,SFBA,6748777,2.0,3.0,2021
FriendlyData,AI,2017-06-01,,2024-12-23,90.73587385019711,0,SFBA,250000,,2.0,2017
Functionize,AI,2018-02-01,2019-03-05,2019-03-05,13.042049934296976,1,SFBA,2500000,,1.0,2018
FutureFit AI,AI,2022-03-29,,2024-12-23,32.8515111695138,0,GNYA,4560544,3.0,7.0,2022
FutureSearch,AI,2024-12-05,,2024-12-23,0.5913272010512484,0,SFBA,6175000,,,2024
Félix,AI,2023-09-08,2024-01-22,2024-01-22,4.467805519053877,1,SFBA,2800000,,7.0,2023
GEIOS Technology,AI,2023-06-19,,2024-12-23,18.166885676741128,0,GMA,3000000,,,2023
GOAT.AI,AI,2023-02-01,,2024-12-23,22.700394218134033,0,GNYA,500000,,1.0,2023
GPTZero,AI,2023-05-09,2024-06-13,2024-06-13,13.173455978975033,1,GNYA,3500000,2.0,7.0,2023
Galatea Bio,AI,2021-11-20,2022-11-20,2022-11-20,11.990801576872535,1,GMA,7000000,,4.0,2021
Gali Health,AI,2019-06-21,,2024-12-23,66.09724047306176,0,SFBA,2000000,1.0,8.0,2019
Galileo,AI,2021-12-20,2022-11-01,2022-11-01,10.38107752956636,1,SFBA,5100000,,6.0,2021
Game of Whales,AI,2019-03-01,,2024-12-23,69.7766097240473,0,SFBA,2000000,,3.0,2019
Gaspar AI,AI,2022-06-03,,2024-12-23,30.683311432325887,0,SFBA,3000000,,2.0,2022
Gathrly,AI,2017-01-01,,2024-12-23,95.69645203679369,0,SFBA,100000,,,2017
General Translation,AI,2024-11-14,,2024-12-23,1.281208935611038,0,SFBA,2739989,,,2024
GenesisAI,AI,2021-03-23,2021-09-30,2021-09-30,6.274638633377135,1,GMA,1300000,,,2021
Genspark,AI,2024-06-18,,2024-12-23,6.176084099868594,0,SFBA,60000000,1.0,1.0,2024
Gentrace,AI,2021-06-01,2024-12-10,2024-12-10,42.31274638633377,1,SFBA,5000000,,,2021
GeoCV,AI,2017-04-11,,2024-12-23,92.4113009198423,0,GNYA,1800000,1.0,2.0,2017
Geopipe,AI,2021-09-27,,2024-12-23,38.86333771353482,0,GNYA,2400000,,5.0,2021
Giftpack,AI,2022-03-22,,2024-12-23,33.08147174770039,0,GNYA,1000000,1.0,6.0,2022
Glambase,AI,2024-09-01,,2024-12-23,3.712220762155059,0,SFBA,50000,,,2024
Glean AI,AI,2022-03-08,,2024-12-23,33.54139290407359,0,GNYA,7800000,4.0,10.0,2022
Globaleur,AI,2020-01-08,2023-07-21,2023-07-21,42.3784494086728,1,SFBA,700000,2.0,2.0,2020
Glowfish IO,AI,2016-02-26,,2024-12-23,105.88042049934296,0,SFBA,50000,,2.0,2016
Golondrix,AI,2019-02-01,,2024-12-23,70.69645203679369,0,GNYA,130000,,2.0,2019
Gong,AI,2016-06-21,2017-07-12,2017-07-12,12.680683311432325,1,SFBA,6000000,1.0,2.0,2016
Goodcall AI Inc,AI,2021-09-01,,2024-12-23,39.71747700394218,0,SFBA,4000000,,8.0,2021
Goodfire,AI,2024-08-15,,2024-12-23,4.270696452036794,0,SFBA,7000000,4.0,8.0,2024
Grabango,AI,2017-03-29,2019-01-07,2019-01-07,21.320630749014455,1,SFBA,4000000,,13.0,2017
Graft,AI,2023-03-14,,2024-12-23,21.353482260183966,0,SFBA,10000000,,2.0,2023
GraphPath,AI,2017-07-13,,2024-12-23,89.35611038107753,0,GMA,400000,,3.0,2017
Graphen,AI,2017-10-30,,2024-12-23,85.77529566360052,0,GNYA,2000000,,,2017
Grata,AI,2020-10-13,2022-02-22,2022-02-22,16.327201051248355,1,GNYA,3200000,,3.0,2020
Graviti,AI,2019-12-04,,2024-12-23,60.643889618922465,0,GNYA,10000000,,4.0,2019
GrayMatter Robotics,AI,2021-09-29,2022-08-16,2022-08-16,10.545335085413928,1,GLA,4100000,3.0,6.0,2021
Grayscale AI,AI,2022-02-07,,2024-12-23,34.49408672798948,0,SFBA,120000,,1.0,2022
Greptile,AI,2024-06-06,,2024-12-23,6.570302233902759,0,SFBA,3850000,1.0,6.0,2024
Greyscale AI,AI,2020-12-16,2022-05-09,2022-05-09,16.72141918528252,1,SFBA,975000,,5.0,2020
GridMatrix,AI,2022-04-25,,2024-12-23,31.964520367936924,0,SFBA,3500000,,4.0,2022
Grin Gaming,AI,2024-10-17,,2024-12-23,2.2010512483574245,0,GLA,658000,,,2024
Grit,AI,2023-08-15,,2024-12-23,16.294349540078844,0,GNYA,7000000,3.0,14.0,2023
Grokstyle,AI,2017-04-04,,2024-12-23,92.64126149802891,0,SFBA,1760000,1.0,8.0,2017
Guidewheel,AI,2018-06-01,2021-07-22,2021-07-22,37.680683311432325,1,SFBA,30000,,1.0,2018
HATCH,AI,2024-04-09,,2024-12-23,8.47568988173456,0,GNYA,3100000,1.0,3.0,2024
Harmonic Security,AI,2023-10-19,2024-10-02,2024-10-02,11.465177398160314,1,SFBA,7000000,3.0,6.0,2023
Harvest Platform,AI,2019-09-06,,2024-12-23,63.5676741130092,0,GNYA,3100000,5.0,7.0,2019
Hayden AI,AI,2020-04-28,2021-08-19,2021-08-19,15.703022339027594,1,SFBA,5000000,4.0,3.0,2020
HeHealth Inc,AI,2023-08-01,,2024-12-23,16.754270696452036,0,SFBA,749210,,1.0,2023
Heali AI,AI,2023-11-09,,2024-12-23,13.469119579500656,0,GLA,3000000,,1.0,2023
HealthMode,AI,2017-10-01,,2024-12-23,86.72798948751642,0,SFBA,3500000,,2.0,2017
HealthRhythms,AI,2022-02-02,,2024-12-23,34.65834428383705,0,GNYA,11000000,2.0,5.0,2022
HelloWoofy.com,AI,2017-09-01,,2024-12-23,87.71353482260183,0,GNYA,250000,,2.0,2017
Helm.ai,AI,2020-03-25,,2024-12-23,56.96452036793692,0,SFBA,13000000,,15.0,2020
HeyGen,AI,2022-11-08,2024-03-25,2024-03-25,16.52431011826544,1,GLA,9000000,,,2022
HeyMarvin,AI,2024-03-01,,2024-12-23,9.756898817345597,0,SFBA,6500000,1.0,1.0,2024
Hippocratic AI,AI,2023-05-16,2024-03-18,2024-03-18,10.085413929040735,1,SFBA,50000000,3.0,2.0,2023
Hologram Labs,AI,2022-07-14,,2024-12-23,29.33639947437582,0,SFBA,6500000,,12.0,2022
Horizon3.ai,AI,2020-01-24,2021-02-02,2021-02-02,12.319316688567673,1,SFBA,3500000,2.0,2.0,2020
Hugging Face,AI,2018-05-23,2019-12-17,2019-12-17,18.823915900131404,1,GNYA,4000000,3.0,6.0,2018
HumanSignal,AI,2021-01-04,2022-05-18,2022-05-18,16.392904073587385,1,SFBA,4000000,1.0,6.0,2021
Humanloop,AI,2020-08-24,,2024-12-23,51.971090670170824,0,SFBA,125000,1.0,1.0,2020
Hume AI,AI,2021-03-22,2023-01-26,2023-01-26,22.174770039421812,1,GNYA,5000000,,1.0,2021
Hummingbird,AI,2018-10-22,2020-07-16,2020-07-16,20.795006570302235,1,GLA,3005068,1.0,5.0,2018
Hyperbolic,AI,2024-07-30,2024-12-10,2024-12-10,4.369250985545335,1,GLA,7000000,,16.0,2024
Hyperbound,AI,2023-09-06,,2024-12-23,15.571616294349539,0,SFBA,3300000,5.0,9.0,2023
Hyperplane AI,AI,2023-12-13,,2024-12-23,12.352168199737187,0,SFBA,6000000,,9.0,2023
Hypersonix,AI,2018-10-01,2020-05-01,2020-05-01,18.988173455978973,1,SFBA,3600000,2.0,8.0,2018
Hyro,AI,2019-07-25,2021-05-25,2021-05-25,22.010512483574242,1,GNYA,4000000,,3.0,2019
ICM Hub,AI,2017-01-25,,2024-12-23,94.90801576872536,0,GNYA,96772,,1.0,2017
ILUMA,AI,2023-09-12,,2024-12-23,15.374507227332456,0,SFBA,120000,,1.0,2023
INDUS.AI,AI,2018-07-24,2019-09-18,2019-09-18,13.830486202365309,1,SFBA,3700000,3.0,5.0,2018
IOMETE,AI,2021-12-01,,2024-12-23,36.727989487516425,0,SFBA,250000,,1.0,2021
Idiomatic,AI,2022-05-25,,2024-12-23,30.97897503285151,0,SFBA,4000000,1.0,6.0,2022
Immunai,AI,2020-05-14,2021-02-11,2021-02-11,8.968462549277266,1,GNYA,20000000,,4.0,2020
ImpactVision,AI,2017-10-31,,2024-12-23,85.742444152431,0,SFBA,1400000,1.0,4.0,2017
ImpriMed,AI,2018-12-18,2023-11-06,2023-11-06,58.60709592641261,1,SFBA,3700000,2.0,11.0,2018
In-App Chat,AI,2016-03-05,,2024-12-23,105.61760840998686,0,SFBA,3000000,,,2016
InSync,AI,2021-01-18,,2024-12-23,47.1419185282523,0,SFBA,1500000,,4.0,2021
InTone,AI,2023-05-11,,2024-12-23,19.44809461235217,0,SFBA,1700000,1.0,3.0,2023
InVideo,AI,2020-02-18,2020-10-27,2020-10-27,8.278580814717477,1,SFBA,2500000,1.0,6.0,2020
Incentivai,AI,2018-08-20,,2024-12-23,76.11695137976346,0,SFBA,120000,,2.0,2018
Indemn,AI,2024-01-31,,2024-12-23,10.74244415243101,0,GNYA,2500000,3.0,3.0,2024
Infima,AI,2022-07-26,,2024-12-23,28.942181340341655,0,SFBA,5000000,,3.0,2022
InfinStor,AI,2020-09-01,,2024-12-23,51.708278580814714,0,SFBA,33333333,,1.0,2020
Inpher.io,AI,2016-02-24,2018-11-02,2018-11-02,32.26018396846255,1,GNYA,1000000,4.0,2.0,2016
Inserviss Marketplace,AI,2019-12-05,,2024-12-23,60.611038107752954,0,GLA,1000000,1.0,1.0,2019
InsightRX,AI,2017-05-08,2019-09-19,2019-09-19,28.38370565045992,1,SFBA,2825000,,5.0,2017
Insomnia Labs,AI,2022-08-20,,2024-12-23,28.12089356110381,0,GNYA,2200000,,3.0,2022
Inspiren,AI,2019-01-28,,2024-12-23,70.82785808147175,0,GNYA,3477969,,2.0,2019
Integrated Biosciences,AI,2024-10-03,,2024-12-23,2.6609724047306176,0,SFBA,17200000,,13.0,2024
InteliGlas Corporation,AI,2018-06-15,,2024-12-23,78.28515111695138,0,GLA,1450000,,,2018
Intelligencia AI,AI,2018-12-01,2021-08-10,2021-08-10,32.29303547963206,1,GNYA,3500000,,6.0,2018
Intelligent Artifacts,AI,2018-06-01,,2024-12-23,78.74507227332457,0,GNYA,1088000,,,2018
Intellimize,AI,2017-01-01,2019-04-23,2019-04-23,27.660972404730618,1,SFBA,2000000,,4.0,2017
IntuBlade,AI,2023-06-07,,2024-12-23,18.561103810775293,0,SFBA,1200000,,1.0,2023
Intuitivo AI,AI,2022-03-14,,2024-12-23,33.3442838370565,0,GMA,7800000,,5.0,2022
Invisible AI,AI,2020-05-06,2022-09-28,2022-09-28,28.74507227332457,1,SFBA,3600000,3.0,6.0,2020
Involve.ai,AI,2018-08-01,2021-08-25,2021-08-25,36.793692509855454,1,GLA,2500000,,5.0,2018
Inworld AI,AI,2021-11-08,2022-08-23,2022-08-23,9.461235216819974,1,SFBA,7200000,2.0,5.0,2021
Iterative.ai,AI,2019-09-05,2021-06-02,2021-06-02,20.893561103810775,1,SFBA,4500000,,3.0,2019
JADBio,AI,2019-05-18,,2024-12-23,67.21419185282522,0,GLA,893076,,,2019
January AI,AI,2017-05-10,,2024-12-23,91.45860709592641,0,SFBA,1500000,,,2017
Jargon.ai,AI,2017-04-06,,2024-12-23,92.57555847568987,0,GNYA,120000,,1.0,2017
Jarspixel,AI,2024-04-08,,2024-12-23,8.508541392904073,0,SFBA,3000000,,,2024
Jericho Security,AI,2023-09-29,,2024-12-23,14.816031537450723,0,GNYA,112778,1.0,2.0,2023
Jido Maps,AI,2018-01-04,,2024-12-23,83.60709592641261,0,SFBA,120000,,2.0,2018
Jordan.ai,AI,2022-03-15,,2024-12-23,33.31143232588699,0,SFBA,3000000,,5.0,2022
Joule,AI,2017-09-15,,2024-12-23,87.25361366622865,0,GMA,1000000,,,2017
Just Appraised,AI,2017-08-21,2024-04-05,2024-04-05,79.46780551905387,1,SFBA,120000,,5.0,2017
Justpoint,AI,2022-03-11,,2024-12-23,33.44283837056504,0,GNYA,6900000,3.0,12.0,2022
KNOW,AI,2022-01-30,,2024-12-23,34.75689881734559,0,GLA,3000000,,2.0,2022
Kadabra,AI,2019-08-04,,2024-12-23,64.65177398160316,0,SFBA,60000,2.0,1.0,2019
Kaia Health,AI,2016-06-01,2019-01-21,2019-01-21,31.6688567674113,1,GNYA,4000000,,6.0,2016
Kaliber Labs Inc.,AI,2017-12-05,,2024-12-23,84.59264126149803,0,SFBA,9971105,,,2017
KangarooHealth Inc.,AI,2019-10-24,,2024-12-23,61.990801576872535,0,SFBA,2700000,1.0,4.0,2019
Kanverse.ai,AI,2021-01-14,,2024-12-23,47.273324572930356,0,SFBA,5000000,,,2021
Kanza AI,AI,2023-12-02,2024-12-23,2024-12-23,12.713534822601838,1,SFBA,4000198,,1.0,2023
Kemvi,AI,2017-05-12,,2024-12-23,91.39290407358737,0,SFBA,1500000,,5.0,2017
Keybe,AI,2020-01-01,,2024-12-23,59.72404730617608,0,GMA,300000,1.0,1.0,2020
Kimola,AI,2018-04-13,,2024-12-23,80.35479632063074,0,SFBA,225000,,3.0,2018
Kintsugi,AI,2021-08-26,2022-02-28,2022-02-28,6.110381077529566,1,SFBA,8000000,3.0,7.0,2021
Kira,AI,2022-06-07,2023-05-08,2023-05-08,11.005256241787121,1,SFBA,6000000,2.0,2.0,2022
Kite,AI,2016-04-14,2019-01-28,2019-01-28,33.47568988173456,1,SFBA,4000000,3.0,26.0,2016
Kits.AI,AI,2022-09-14,,2024-12-23,27.299605781865964,0,SFBA,5100000,,14.0,2022
Klarity,AI,2018-08-20,2022-01-24,2022-01-24,41.16294349540079,1,SFBA,120000,1.0,3.0,2018
Klleon,AI,2020-02-21,2023-09-13,2023-09-13,42.70696452036793,1,SFBA,1242679,,1.0,2020
Knowhere,AI,2017-04-05,2019-06-28,2019-06-28,26.741130091984232,1,SFBA,2000000,,6.0,2017
Kodezi,AI,2024-05-01,,2024-12-23,7.752956636005256,0,SFBA,800000,1.0,2.0,2024
Kogniz,AI,2018-10-16,2022-06-28,2022-06-28,44.382391590013135,1,SFBA,4000000,3.0,5.0,2018
Kolena,AI,2021-06-01,2023-09-26,2023-09-26,27.825229960578184,1,SFBA,6500000,1.0,7.0,2021
Koniku,AI,2016-08-10,2021-12-17,2021-12-17,64.22470433639947,1,SFBA,1400980,,3.0,2016
Kono,AI,2018-09-13,,2024-12-23,75.32851511169514,0,SFBA,120000,1.0,2.0,2018
Kubient,AI,2017-08-01,,2024-12-23,88.73193166885676,0,GNYA,125000,,1.0,2017
Kubiya.ai,AI,2022-10-18,,2024-12-23,26.182654402102497,0,SFBA,6000000,1.0,3.0,2022
Kwali,AI,2021-07-15,,2024-12-23,41.29434954007884,0,SFBA,2500000,,4.0,2021
Kyndi,AI,2016-07-14,2021-08-10,2021-08-10,60.873850197109064,1,SFBA,1250000,1.0,3.0,2016
Kyro Digital Corp.,AI,2021-09-14,2022-02-10,2022-02-10,4.894875164257556,1,SFBA,5000625,,1.0,2021
LAER AI,AI,2018-08-31,,2024-12-23,75.75558475689881,0,GNYA,3044000,,,2018
LILT,AI,2016-10-28,2018-10-04,2018-10-04,23.19316688567674,1,SFBA,2350000,,3.0,2016
LOTaDATA,AI,2018-06-05,,2024-12-23,78.61366622864651,0,SFBA,2200000,,2.0,2018
LOVO,AI,2022-05-01,,2024-12-23,31.76741130091984,0,SFBA,6700000,1.0,11.0,2022
LUPA Technology,AI,2024-07-02,,2024-12-23,5.716162943495401,0,GNYA,1800000,1.0,2.0,2024
LUXUS,AI,2024-10-02,,2024-12-23,2.6938239159001314,0,GNYA,5000000,,2.0,2024
Labelbox,AI,2018-07-30,2019-04-09,2019-04-09,8.31143232588699,1,SFBA,3900000,4.0,3.0,2018
Lama AI,AI,2022-10-27,,2024-12-23,25.88699080157687,0,GNYA,9000000,4.0,7.0,2022
LanceDB,AI,2024-05-15,,2024-12-23,7.293035479632063,0,SFBA,8000000,3.0,3.0,2024
LangChain,AI,2023-03-21,2024-02-15,2024-02-15,10.873850197109066,1,SFBA,10000000,,1.0,2023
Langtrace AI (Scale3 Labs),AI,2022-10-06,,2024-12-23,26.576872536136662,0,SFBA,5300000,4.0,3.0,2022
LatchBio,AI,2021-10-01,2022-06-02,2022-06-02,8.015768725361367,1,SFBA,5000000,3.0,5.0,2021
Latent Knowledge,AI,2022-11-30,,2024-12-23,24.7700394218134,0,GNYA,483896,1.0,1.0,2022
Launchable,AI,2019-11-05,2021-07-27,2021-07-27,20.69645203679369,1,SFBA,3200000,3.0,10.0,2019
Laurel,AI,2017-09-15,2019-11-12,2019-11-12,25.88699080157687,1,SFBA,4000000,4.0,6.0,2017
Lawfully,AI,2019-05-25,,2024-12-23,66.98423127463863,0,GNYA,300000,,2.0,2019
Lawyaw,AI,2018-01-04,,2024-12-23,83.60709592641261,0,SFBA,120000,,2.0,2018
Layer AI,AI,2020-11-10,,2024-12-23,49.40867279894875,0,SFBA,5000000,1.0,1.0,2020
Leap AI,AI,2024-01-09,,2024-12-23,11.465177398160314,0,SFBA,1400000,4.0,9.0,2024
Lemurian Labs,AI,2023-09-08,,2024-12-23,15.505913272010512,0,SFBA,9000000,3.0,13.0,2023
Lendindex,AI,2018-02-02,,2024-12-23,82.65440210249672,0,GNYA,1100000,,,2018
Leni,AI,2024-03-25,,2024-12-23,8.968462549277266,0,GNYA,4000000,1.0,5.0,2024
Let's Enhance,AI,2018-07-13,,2024-12-23,77.36530880420499,0,SFBA,120000,3.0,2.0,2018
Letta,AI,2024-09-23,,2024-12-23,2.9894875164257555,0,SFBA,10000000,1.0,10.0,2024
LexCheck,AI,2020-05-12,2022-12-14,2022-12-14,31.077529566360052,1,GNYA,3000000,1.0,3.0,2020
Lexigram,AI,2016-11-28,,2024-12-23,96.81340341655715,0,SFBA,2000000,,3.0,2016
LiST Funding,AI,2022-04-01,,2024-12-23,32.75295663600526,0,GNYA,4000000,,,2022
Life Whisperer,AI,2018-11-06,,2024-12-23,73.5545335085414,0,SFBA,3259202,,3.0,2018
LifeNome Inc.,AI,2019-08-15,,2024-12-23,64.2904073587385,0,GNYA,2000000,,1.0,2019
LiftIgniter,AI,2016-02-09,2017-08-17,2017-08-17,18.232588699080157,1,SFBA,50000,,1.0,2016
Lightning AI,AI,2019-12-13,2020-10-08,2020-10-08,9.85545335085414,1,GNYA,3500000,1.0,5.0,2019
Liminal,AI,2016-10-05,,2024-12-23,98.58738501971091,0,GNYA,500000,,,2016
Lincode,AI,2021-07-26,,2024-12-23,40.93298291721419,0,SFBA,25000,1.0,1.0,2021
LinearB,AI,2019-01-15,2021-03-10,2021-03-10,25.78843626806833,1,GLA,1600000,,2.0,2019
LiveControl,AI,2019-08-01,2021-07-21,2021-07-21,23.653088042049934,1,SFBA,3200000,,1.0,2019
Local Express,AI,2019-09-01,,2024-12-23,63.73193166885677,0,GLA,5000000,,,2019
LokiBots,AI,2023-03-01,,2024-12-23,21.780551905387647,0,SFBA,500000,1.0,1.0,2023
Loom.ai,AI,2016-06-01,,2024-12-23,102.72667542706964,0,SFBA,1350000,2.0,8.0,2016
Loop AI - Delivery Intelligence Platform,AI,2024-03-12,,2024-12-23,9.395532194480946,0,SFBA,6000000,1.0,4.0,2024
Loris,AI,2018-02-06,2022-04-26,2022-04-26,50.59132720105124,1,GNYA,2000000,1.0,7.0,2018
Lucid,AI,2016-04-01,,2024-12-23,104.73061760840999,0,SFBA,3700000,3.0,4.0,2016
Luma AI,AI,2021-10-29,2023-03-20,2023-03-20,16.655716162943495,1,SFBA,4300000,1.0,5.0,2021
Lume,AI,2024-11-12,,2024-12-23,1.3469119579500657,0,GNYA,4200000,,5.0,2024
Lunchclub,AI,2017-06-23,2020-09-01,2020-09-01,38.30486202365309,1,SFBA,454997,2.0,6.0,2017
MERIDIUN,AI,2017-09-15,,2024-12-23,87.25361366622865,0,GLA,2350000,,,2017
MSBAI,AI,2020-03-16,,2024-12-23,57.26018396846255,0,GLA,50000,,,2020
MachEye,AI,2019-01-01,,2024-12-23,71.71484888304862,0,SFBA,4600000,1.0,1.0,2019
Machine Colony,AI,2016-09-27,,2024-12-23,98.85019710906701,0,GNYA,50000,1.0,1.0,2016
Machinify,AI,2016-03-15,2018-10-08,2018-10-08,30.781865965834427,1,SFBA,2785000,,2.0,2016
MadMen AI,AI,2023-02-08,,2024-12-23,22.470433639947437,0,SFBA,4500000,2.0,10.0,2023
Magic,AI,2022-03-01,2023-02-06,2023-02-06,11.235216819973719,1,SFBA,5125000,,,2022
Malamute,AI,2021-07-01,2023-01-28,2023-01-28,18.922470433639948,1,GNYA,90000,,,2021
Maple,AI,2021-02-22,,2024-12-23,45.992115637319316,0,SFBA,3500000,,4.0,2021
Mariana,AI,2024-12-06,,2024-12-23,0.5584756898817346,0,SFBA,1645000,,,2024
Market AI,AI,2019-12-17,,2024-12-23,60.21681997371879,0,GLA,5600000,1.0,3.0,2019
Massive,AI,2021-01-01,,2024-12-23,47.70039421813403,0,GNYA,2300000,,1.0,2021
Massive Bio,AI,2016-07-04,,2024-12-23,101.64257555847568,0,GNYA,900000,1.0,2.0,2016
Matcha Fund,AI,2018-01-01,,2024-12-23,83.70565045992116,0,GNYA,500000,,,2018
Matroid,AI,2017-01-01,2017-09-18,2017-09-18,8.541392904073588,1,SFBA,3500000,1.0,1.0,2017
Meaning Bot,AI,2018-08-22,,2024-12-23,76.05124835742444,0,GNYA,880000,,,2018
Medeloop,AI,2023-09-20,2024-11-13,2024-11-13,13.797634691195794,1,SFBA,8000000,2.0,6.0,2023
Meeri Kinder Adventures,AI,2022-11-05,2023-04-05,2023-04-05,4.9605781865965834,1,GLA,102000,,,2022
MeetMo.io,AI,2022-03-31,,2024-12-23,32.78580814717477,0,GLA,1000000,,1.0,2022
Melboss Music,AI,2023-05-01,,2024-12-23,19.776609724047304,0,SFBA,650000,,1.0,2023
MelodAI (Former Muverse),AI,2023-03-29,,2024-12-23,20.86070959264126,0,GLA,6000000,,5.0,2023
Menten AI,AI,2020-06-30,,2024-12-23,53.777923784494085,0,SFBA,3650000,4.0,4.0,2020
Mercor,AI,2023-09-01,2024-09-19,2024-09-19,12.614980289093298,1,SFBA,3600000,,5.0,2023
Merico,AI,2020-05-14,2020-09-18,2020-09-18,4.1721419185282524,1,SFBA,3000000,3.0,3.0,2020
MetaSpark Corporation,AI,2021-06-07,,2024-12-23,42.54270696452036,0,GLA,500000,,,2021
Metaforms,AI,2023-05-15,,2024-12-23,19.316688567674113,0,SFBA,1500000,2.0,4.0,2023
Metamoto,AI,2017-07-12,,2024-12-23,89.38896189224704,0,SFBA,2000000,1.0,7.0,2017
Metapair,AI,2021-09-12,,2024-12-23,39.35611038107753,0,SFBA,4500000,,3.0,2021
Metaphor,AI,2020-12-15,,2024-12-23,48.25886990801577,0,SFBA,5300000,,8.0,2020
Metropolis,AI,2019-06-26,2021-01-19,2021-01-19,18.823915900131404,1,GNYA,20000000,,6.0,2019
Microsec,AI,2021-09-22,,2024-12-23,39.02759526938239,0,SFBA,1000000,,2.0,2021
Mindoptix,AI,2019-06-25,,2024-12-23,65.9658344283837,0,GLA,100000,,,2019
MindsDB,AI,2023-02-07,,2024-12-23,22.503285151116952,0,SFBA,16500000,1.0,1.0,2023
Mindstate Design Labs,AI,2022-02-10,,2024-12-23,34.39553219448094,0,SFBA,11500000,,15.0,2022
Mindy,AI,2024-02-13,,2024-12-23,10.315374507227332,0,SFBA,6000000,1.0,2.0,2024
Mirage,AI,2021-02-01,2022-04-08,2022-04-08,14.159001314060447,1,GNYA,4000000,,11.0,2021
Miso,AI,2019-01-01,,2024-12-23,71.71484888304862,0,SFBA,691000,,1.0,2019
Miso Robotics,AI,2017-07-06,,2024-12-23,89.58607095926412,0,GLA,3100000,,1.0,2017
Mission Labs,AI,2017-10-13,,2024-12-23,86.33377135348226,0,SFBA,100000,,,2017
MoBagel,AI,2017-04-10,2019-03-19,2019-03-19,23.258869908015768,1,SFBA,3000000,2.0,9.0,2017
Mobalytics,AI,2016-11-16,2020-07-22,2020-07-22,44.15243101182654,1,GLA,2600000,2.0,10.0,2016
Modality.AI,AI,2021-07-30,,2024-12-23,40.80157687253614,0,SFBA,1739953,,7.0,2021
Modelbit,AI,2023-05-16,,2024-12-23,19.2838370565046,0,SFBA,5000000,,8.0,2023
Modular,AI,2022-06-30,,2024-12-23,29.796320630749012,0,SFBA,30000000,,4.0,2022
Moffett AI,AI,2021-03-26,,2024-12-23,44.940867279894874,0,SFBA,15287014,1.0,4.0,2021
Momentum,AI,2022-02-01,,2024-12-23,34.69119579500657,0,SFBA,3690000,,,2022
Moneza,AI,2020-03-01,,2024-12-23,57.75295663600525,0,GNYA,1000000,,,2020
MonkeyLearn,AI,2020-07-07,,2024-12-23,53.547963206307486,0,SFBA,2225000,2.0,8.0,2020
Moonhub,AI,2023-02-07,,2024-12-23,22.503285151116952,0,SFBA,4400000,,9.0,2023
Mosaic,AI,2021-06-03,,2024-12-23,42.67411300919842,0,GNYA,4000000,2.0,5.0,2021
Moveo.AI,AI,2024-08-27,,2024-12-23,3.876478318002628,0,GNYA,2570631,2.0,3.0,2024
Mr Bell Technologies,AI,2022-09-04,2023-12-08,2023-12-08,15.111695137976346,1,SFBA,200000,,,2022
Mr. Booster,AI,2018-11-30,,2024-12-23,72.76609724047306,0,GNYA,50000,,,2018
Mutiny,AI,2018-09-15,2021-09-15,2021-09-15,36.00525624178712,1,SFBA,3000000,4.0,16.0,2018
MutualMarkets,AI,2021-02-10,,2024-12-23,46.38633377135348,0,GNYA,3000000,,8.0,2021
NEXT Future Transportation,AI,2018-01-20,,2024-12-23,83.08147174770039,0,SFBA,1150000,,2.0,2018
NLMatics,AI,2019-12-11,,2024-12-23,60.41392904073587,0,GNYA,2000000,,,2019
NLX,AI,2022-01-27,2024-02-26,2024-02-26,24.967148488830485,1,GNYA,5000000,,5.0,2022
Nanit,AI,2016-06-15,2017-05-26,2017-05-26,11.333771353482259,1,GNYA,6600000,2.0,8.0,2016
Nanonets,AI,2017-01-14,2022-02-16,2022-02-16,61.070959264126145,1,SFBA,120000,,2.0,2017
Napkin AI,AI,2024-08-07,,2024-12-23,4.533508541392904,0,SFBA,10000000,2.0,2.0,2024
Narrativa,AI,2017-10-01,,2024-12-23,86.72798948751642,0,GLA,545000,,,2017
Native AI,AI,2021-06-29,,2024-12-23,41.81997371879106,0,GNYA,1200000,2.0,2.0,2021
Nautilus Labs,AI,2016-12-23,2019-04-04,2019-04-04,27.33245729303548,1,GNYA,2000000,,9.0,2016
NavTrac,AI,2019-01-01,,2024-12-23,71.71484888304862,0,GLA,1670000,2.0,2.0,2019
Navina,AI,2020-10-13,2021-10-18,2021-10-18,12.155059132720105,1,GNYA,7000000,1.0,1.0,2020
Nemo Digital,AI,2022-12-20,,2024-12-23,24.113009198423125,0,GNYA,500000,,,2022
NetObjex,AI,2017-07-27,,2024-12-23,88.89618922470433,0,GLA,250000,,1.0,2017
Netomi,AI,2016-03-22,2019-03-01,2019-03-01,35.282522996057814,1,SFBA,2600000,6.0,15.0,2016
Neu.ro Inc,AI,2020-02-01,,2024-12-23,58.70565045992115,0,SFBA,2500000,,,2020
Neural AI,AI,2023-08-18,2024-12-21,2024-12-21,16.130091984231274,1,GMA,102000,,,2023
Neuron7.ai,AI,2021-08-10,2022-06-21,2022-06-21,10.348226018396845,1,SFBA,4200000,1.0,2.0,2021
Next Spark,AI,2016-09-15,,2024-12-23,99.24441524310117,0,SFBA,1000000,,1.0,2016
Nextern Systems Corp,AI,2016-03-18,,2024-12-23,105.19053876478317,0,GMA,1250000,,,2016
Nextnet,AI,2023-05-31,,2024-12-23,18.791064388961892,0,SFBA,1300000,4.0,4.0,2023
Nfinite,AI,2018-06-29,2022-02-03,2022-02-03,43.19973718791064,1,GNYA,2340304,,2.0,2018
NimbleEdge,AI,2022-02-09,,2024-12-23,34.42838370565046,0,SFBA,3324951,,2.0,2022
Nimblr.ai,AI,2017-06-15,,2024-12-23,90.27595269382391,0,GLA,1275000,,3.0,2017
Nines,AI,2017-10-01,2019-11-22,2019-11-22,25.689881734559787,1,SFBA,1000000,,1.0,2017
Nixtla,AI,2023-04-24,,2024-12-23,20.006570302233904,0,SFBA,4500000,2.0,4.0,2023
NoTraffic,AI,2017-07-25,2021-07-13,2021-07-13,47.60183968462549,1,SFBA,150000,,4.0,2017
Node,AI,2016-06-13,2017-07-25,2017-07-25,13.370565045992116,1,SFBA,7500000,4.0,7.0,2016
Normal Computing,AI,2023-01-09,,2024-12-23,23.45597897503285,0,GNYA,8519996,2.0,4.0,2023
Not Diamond,AI,2024-07-30,,2024-12-23,4.7963206307490145,0,SFBA,2300000,,20.0,2024
NotifAi,AI,2016-01-07,2019-06-20,2019-06-20,41.39290407358738,1,GLA,200000,,1.0,2016
Nova,AI,2023-02-23,,2024-12-23,21.97766097240473,0,GNYA,2400000,,3.0,2023
Nova AI,AI,2016-05-01,,2024-12-23,103.74507227332457,0,SFBA,1700000,,3.0,2016
Novi Connect,AI,2020-03-11,2021-09-07,2021-09-07,17.904073587385017,1,SFBA,1500000,1.0,7.0,2020
Nucleal,AI,2017-05-01,,2024-12-23,91.75427069645204,0,SFBA,500000,,2.0,2017
Numerai,AI,2016-04-06,2016-12-12,2016-12-12,8.21287779237845,1,SFBA,1500000,,10.0,2016
NyquistAI,AI,2022-03-23,,2024-12-23,33.04862023653088,0,SFBA,6000000,,5.0,2022
OTO Systems,AI,2019-12-17,,2024-12-23,60.21681997371879,0,GNYA,5300000,2.0,5.0,2019
Obie,AI,2020-01-15,,2024-12-23,59.26412614980289,0,SFBA,766900,4.0,8.0,2020
Objective,AI,2023-10-18,,2024-12-23,14.19185282522996,0,SFBA,13000000,6.0,4.0,2023
OccamzRazor,AI,2016-08-30,2022-03-08,2022-03-08,66.22864651773982,1,GNYA,500000,,1.0,2016
Ockam,AI,2019-10-15,2022-01-05,2022-01-05,26.708278580814717,1,SFBA,4900000,1.0,4.0,2019
Ocular Diagnostics,AI,2022-05-31,,2024-12-23,30.781865965834427,0,GNYA,100000,,,2022
Ocurate,AI,2021-12-22,,2024-12-23,36.038107752956634,0,SFBA,3500000,1.0,8.0,2021
Oden Technologies,AI,2017-05-08,2018-07-02,2018-07-02,13.797634691195794,1,GNYA,5900000,1.0,3.0,2017
Okareo,AI,2024-05-01,,2024-12-23,7.752956636005256,0,SFBA,4400000,,1.0,2024
OmniML,AI,2022-03-29,,2024-12-23,32.8515111695138,0,SFBA,10000000,1.0,8.0,2022
OneCell.ai,AI,2021-02-04,,2024-12-23,46.583442838370566,0,SFBA,5500000,,,2021
OneStopKitchen,AI,2021-09-07,,2024-12-23,39.5203679369251,0,SFBA,1600000,,5.0,2021
OneThree Biotech,AI,2020-03-26,,2024-12-23,56.93166885676741,0,GNYA,2500000,1.0,2.0,2020
OpenGradient,AI,2024-10-09,,2024-12-23,2.463863337713535,0,GNYA,8500000,,22.0,2024
Openlayer,AI,2023-05-04,,2024-12-23,19.678055190538764,0,SFBA,5000000,2.0,18.0,2023
Openmart,AI,2024-08-21,,2024-12-23,4.073587385019711,0,SFBA,2750000,11.0,13.0,2024
Opkit,AI,2023-03-07,,2024-12-23,21.583442838370566,0,GNYA,1000000,1.0,5.0,2023
Ople,AI,2017-11-12,2018-10-23,2018-10-23,11.333771353482259,1,SFBA,2000000,,1.0,2017
Opora,AI,2020-06-11,,2024-12-23,54.402102496714846,0,SFBA,7000000,1.0,1.0,2020
OpsAngels Consultancy,AI,2023-03-14,,2024-12-23,21.353482260183966,0,SFBA,2000000,,,2023
Opsani,AI,2018-04-18,2019-08-01,2019-08-01,15.440210249671484,1,SFBA,4725000,1.0,2.0,2018
Opsin,AI,2024-06-05,,2024-12-23,6.603153745072273,0,SFBA,7000000,3.0,4.0,2024
Optikka,AI,2024-10-15,,2024-12-23,2.266754270696452,0,GMA,2000000,,,2024
Optimal Dynamics,AI,2020-07-07,2021-05-13,2021-05-13,10.183968462549277,1,GNYA,3945000,,7.0,2020
"Other Mind, Inc.",AI,2017-07-01,,2024-12-23,89.75032851511169,0,GLA,640000,,,2017
OthersideAI,AI,2020-11-12,,2024-12-23,49.34296977660972,0,GNYA,2600000,7.0,7.0,2020
Our Libra,AI,2018-05-09,,2024-12-23,79.5006570302234,0,GLA,225000,,1.0,2018
Outerbounds,AI,2021-06-01,2021-12-31,2021-12-31,6.9973718791064385,1,SFBA,5750000,3.0,3.0,2021
Overplay,AI,2023-12-19,,2024-12-23,12.155059132720105,0,GNYA,3200000,1.0,5.0,2023
Overproof.com,AI,2018-05-05,,2024-12-23,79.63206307490144,0,GMA,453500,,1.0,2018
Overview.ai,AI,2019-03-18,2022-02-17,2022-02-17,35.05256241787122,1,SFBA,3300000,1.0,2.0,2019
Overwatch Data,AI,2024-11-15,,2024-12-23,1.2483574244415243,0,GNYA,4300000,,5.0,2024
Owkin,AI,2016-10-30,2018-01-16,2018-01-16,14.553219448094612,1,GNYA,2100000,1.0,5.0,2016
Oyster,AI,2022-12-13,,2024-12-23,24.342969776609724,0,GNYA,3600000,1.0,18.0,2022
P R O S P E C T R,AI,2022-05-22,,2024-12-23,31.077529566360052,0,GLA,150000,,1.0,2022
PGxCare,AI,2024-03-19,,2024-12-23,9.165571616294349,0,SFBA,1500000,,2.0,2024
PKRS.AI,AI,2018-06-01,,2024-12-23,78.74507227332457,0,GLA,500000,,1.0,2018
"PRECILY, INC.",AI,2019-05-01,,2024-12-23,67.77266754270696,0,SFBA,771000,1.0,2.0,2019
Pachama,AI,2019-03-18,2021-04-30,2021-04-30,25.427069645203677,1,SFBA,150000,3.0,3.0,2019
PainQx,AI,2017-08-28,,2024-12-23,87.84494086727989,0,GNYA,1600000,,9.0,2017
Panoplai,AI,2023-03-01,,2024-12-23,21.780551905387647,0,GNYA,400000,,,2023
Panorama AI,AI,2023-03-01,,2024-12-23,21.780551905387647,0,GLA,4000000,,1.0,2023
Paperplane,AI,2023-04-05,,2024-12-23,20.630749014454665,0,GNYA,3000000,,3.0,2023
Paperspace,AI,2016-10-04,2018-10-16,2018-10-16,24.375821287779235,1,GNYA,4000000,1.0,4.0,2016
Parabole.ai,AI,2017-03-01,,2024-12-23,93.75821287779237,0,GNYA,500000,,,2017
Parakeet Health,AI,2024-10-15,,2024-12-23,2.266754270696452,0,SFBA,3000000,1.0,5.0,2024
Parallel Domain,AI,2018-05-01,2020-12-09,2020-12-09,31.307490144546648,1,SFBA,2940000,5.0,4.0,2018
Parcy,AI,2021-03-08,,2024-12-23,45.532194480946124,0,SFBA,327000,,1.0,2021
ParkWise,AI,2016-01-01,,2024-12-23,107.72010512483574,0,GNYA,600000,2.0,1.0,2016
Parrot,AI,2021-12-15,2023-06-20,2023-06-20,18.134034165571617,1,GNYA,3100000,,4.0,2021
Partiac,AI,2016-05-25,,2024-12-23,102.95663600525624,0,GLA,150000,,,2016
Passage AI,AI,2017-09-27,2018-05-02,2018-05-02,7.128777923784494,1,SFBA,3000000,1.0,7.0,2017
Passage Labs,AI,2021-12-10,,2024-12-23,36.4323258869908,0,GLA,3500000,1.0,6.0,2021
Pathmind,AI,2016-09-28,2019-03-20,2019-03-20,29.664914586070957,1,SFBA,3000000,,14.0,2016
Pattern,AI,2016-05-24,,2024-12-23,102.98948751642575,0,SFBA,2500000,1.0,3.0,2016
PatternAI,AI,2021-02-01,,2024-12-23,46.681997371879106,0,SFBA,350000,1.0,1.0,2021
PeakMetrics,AI,2022-09-30,,2024-12-23,26.773981603153743,0,GLA,2100000,1.0,4.0,2022
Peer,AI,2022-07-08,,2024-12-23,29.5335085413929,0,GLA,14000000,,,2022
People Data Labs,AI,2016-02-10,2018-10-10,2018-10-10,31.964520367936924,1,SFBA,775000,1.0,4.0,2016
People.ai,AI,2016-07-07,2017-05-30,2017-05-30,10.74244415243101,1,SFBA,1000,3.0,1.0,2016
Peoplebox.ai,AI,2019-03-12,,2024-12-23,69.41524310118265,0,SFBA,1100000,,1.0,2019
Perceiver AI,AI,2021-06-24,,2024-12-23,41.98423127463863,0,GNYA,750000,,,2021
PerceptiLabs,AI,2019-11-29,,2024-12-23,60.808147174770035,0,SFBA,2000000,,1.0,2019
Performica,AI,2023-02-05,,2024-12-23,22.568988173455978,0,SFBA,3000000,,3.0,2023
Peritus.ai,AI,2018-03-15,,2024-12-23,81.30749014454665,0,SFBA,2200000,2.0,2.0,2018
Perplexity,AI,2022-09-01,2023-03-28,2023-03-28,6.83311432325887,1,SFBA,3100000,,9.0,2022
Petal,AI,2016-12-15,2018-01-10,2018-01-10,12.844940867279893,1,GNYA,13000000,5.0,2.0,2016
Petasense,AI,2018-02-15,,2024-12-23,82.22733245729303,0,SFBA,3000000,1.0,1.0,2018
Phalanx Analysis Group,AI,2017-02-02,,2024-12-23,94.64520367936925,0,SFBA,10000,,,2017
Phantom AI,AI,2017-10-30,2020-04-02,2020-04-02,29.07358738501971,1,SFBA,5200000,2.0,3.0,2017
Phiar Technologies,AI,2018-11-23,2021-09-27,2021-09-27,34.13272010512483,1,SFBA,3300000,7.0,11.0,2018
Physical Intelligence,AI,2024-03-12,2024-11-04,2024-11-04,7.7858081471747695,1,SFBA,70000000,,7.0,2024
Pika,AI,2023-09-01,2023-11-28,2023-11-28,2.890932982917214,1,SFBA,5000000,,1.0,2023
PinPoint Analytics,AI,2024-09-16,,2024-12-23,3.219448094612352,0,GNYA,3200000,1.0,2.0,2024
Pine AI,AI,2024-11-26,,2024-12-23,0.8869908015768725,0,SFBA,5000000,,,2024
Pinecone,AI,2021-01-27,2022-03-29,2022-03-29,13.994743758212877,1,GNYA,10000000,1.0,1.0,2021
PingThings,AI,2016-06-30,,2024-12-23,101.77398160315374,0,GLA,1500000,1.0,2.0,2016
PipeCandy,AI,2016-02-16,,2024-12-23,106.2089356110381,0,SFBA,50000,,6.0,2016
Pitch Inc.,AI,2024-04-15,,2024-12-23,8.278580814717477,0,GLA,843686,,,2024
Plai Labs,AI,2023-01-19,,2024-12-23,23.127463863337713,0,GLA,32000000,,2.0,2023
PlayAI,AI,2024-11-25,,2024-12-23,0.9198423127463863,0,SFBA,21000000,2.0,8.0,2024
Plenful,AI,2023-10-03,2024-05-30,2024-05-30,7.884362680683311,1,SFBA,9000000,1.0,2.0,2023
Pod,AI,2024-06-01,,2024-12-23,6.734559789750328,0,SFBA,2750000,,2.0,2024
Poised,AI,2021-06-09,,2024-12-23,42.47700394218134,0,SFBA,4500000,2.0,10.0,2021
Polarr,AI,2017-02-25,2019-03-14,2019-03-14,24.540078843626805,1,SFBA,1000000,,,2017
PoplarML,AI,2023-04-05,,2024-12-23,20.630749014454665,0,SFBA,500000,,2.0,2023
Portkey AI,AI,2023-08-23,,2024-12-23,16.031537450722734,0,SFBA,3000000,2.0,3.0,2023
Postie,AI,2017-07-26,,2024-12-23,88.92904073587384,0,GLA,3249999,,2.0,2017
PowerBuy,AI,2017-01-18,,2024-12-23,95.13797634691196,0,GLA,1000000,,1.0,2017
PowerScout,AI,2016-08-26,,2024-12-23,99.90144546649145,0,SFBA,1487500,,,2016
PowerX,AI,2023-05-01,,2024-12-23,19.776609724047304,0,GNYA,4000000,1.0,7.0,2023
Praisidio,AI,2021-10-07,,2024-12-23,38.534822601839686,0,SFBA,4000000,,5.0,2021
Predictee,AI,2017-05-03,,2024-12-23,91.688567674113,0,GNYA,100000,,,2017
Predictive Technology Systems,AI,2021-12-14,,2024-12-23,36.300919842312744,0,GNYA,525000,,,2021
Predictive Trading Systems,AI,2021-01-07,,2024-12-23,47.50328515111695,0,GNYA,333089,,,2021
Presagen,AI,2019-04-24,,2024-12-23,68.00262812089356,0,SFBA,3156322,,2.0,2019
Prescient AI,AI,2023-03-15,2024-03-12,2024-03-12,11.925098554533507,1,GMA,4500000,4.0,5.0,2023
Prezent AI,AI,2021-08-12,2022-04-20,2022-04-20,8.245729303547963,1,SFBA,4300000,2.0,2.0,2021
ProSights,AI,2024-07-31,,2024-12-23,4.763469119579501,0,GNYA,2200000,,9.0,2024
Prodigal,AI,2018-08-20,2021-07-22,2021-07-22,35.05256241787122,1,SFBA,120000,1.0,2.0,2018
Project Log Systems,AI,2023-03-07,2023-10-18,2023-10-18,7.391590013140604,1,SFBA,70000,,,2023
Project Pluto,AI,2024-03-01,,2024-12-23,9.756898817345597,0,GNYA,6200000,,2.0,2024
Prometheus Technologies,AI,2023-02-16,,2024-12-23,22.207621550591327,0,SFBA,1000000,,,2023
Promethium,AI,2018-10-22,2022-02-08,2022-02-08,39.58607095926413,1,SFBA,2500000,1.0,3.0,2018
Prompt Security,AI,2024-01-24,2024-11-20,2024-11-20,9.888304862023652,1,GNYA,5000000,1.0,2.0,2024
PropTexx,AI,2022-01-02,,2024-12-23,35.67674113009198,0,SFBA,600000,,1.0,2022
Proper,AI,2020-05-15,2021-06-14,2021-06-14,12.976346911957949,1,SFBA,4800000,3.0,19.0,2020
Prophia,AI,2018-04-25,2022-12-01,2022-12-01,55.22339027595269,1,SFBA,1600000,,1.0,2018
Prospero.ai,AI,2021-08-12,,2024-12-23,40.37450722733246,0,GNYA,150000,,,2021
Pull Systems,AI,2023-03-14,,2024-12-23,21.353482260183966,0,SFBA,5000000,,1.0,2023
Pulse,AI,2019-02-26,,2024-12-23,69.87516425755584,0,SFBA,4749995,,9.0,2019
PulseData,AI,2016-10-31,2021-04-19,2021-04-19,53.580814717477004,1,GNYA,3199998,,7.0,2016
Pure Technology,AI,2023-01-05,,2024-12-23,23.587385019710904,0,GNYA,734684,,,2023
Purlin,AI,2022-01-11,,2024-12-23,35.38107752956636,0,GLA,1500000,2.0,3.0,2022
Pypestream,AI,2016-06-17,2017-02-28,2017-02-28,8.409986859395532,1,GNYA,4881487,,,2016
Pythia Labs,AI,2021-09-01,,2024-12-23,39.71747700394218,0,GLA,10000000,,,2021
Pyze,AI,2016-03-29,,2024-12-23,104.82917214191852,0,SFBA,1700000,,5.0,2016
Qortex,AI,2023-11-20,,2024-12-23,13.107752956636006,0,GNYA,10000000,2.0,3.0,2023
Qualified,AI,2019-07-10,2020-08-04,2020-08-04,12.844940867279893,1,SFBA,5000000,2.0,2.0,2019
QuantumStreet AI,AI,2020-03-10,,2024-12-23,57.45729303547963,0,SFBA,2050000,,7.0,2020
Quark.ai,AI,2021-08-10,,2024-12-23,40.44021024967148,0,SFBA,5500000,2.0,4.0,2021
Quartic.ai,AI,2018-09-03,2019-11-06,2019-11-06,14.09329829172142,1,SFBA,2000000,,1.0,2018
Quattr,AI,2021-08-16,,2024-12-23,40.2431011826544,0,SFBA,6000000,3.0,3.0,2021
Quilt Data,AI,2016-01-05,,2024-12-23,107.58869908015768,0,SFBA,435000,1.0,2.0,2016
Quirk.ai,AI,2017-07-19,,2024-12-23,89.15900131406045,0,SFBA,150000,,,2017
R2.ai,AI,2017-01-01,,2024-12-23,95.69645203679369,0,SFBA,1400000,,1.0,2017
RAD AI,AI,2021-06-01,2023-01-30,2023-01-30,19.97371879106439,1,GLA,1000000,,1.0,2021
ROSS Intelligence,AI,2016-01-01,2017-10-11,2017-10-11,21.320630749014455,1,SFBA,4300000,1.0,6.0,2016
ROYBI,AI,2019-07-02,,2024-12-23,65.73587385019711,0,SFBA,4200000,,,2019
Radium,AI,2019-01-15,,2024-12-23,71.25492772667542,0,SFBA,2300000,,1.0,2019
RagaAI,AI,2024-01-23,,2024-12-23,11.005256241787121,0,SFBA,4700000,1.0,6.0,2024
Rain AI,AI,2018-08-23,2022-02-02,2022-02-02,41.36005256241787,1,SFBA,5000000,,11.0,2018
RainmakerForce,AI,2016-04-11,,2024-12-23,104.40210249671485,0,SFBA,2000000,,,2016
Rasa,AI,2018-04-24,2019-04-11,2019-04-11,11.563731931668856,1,SFBA,1100000,2.0,5.0,2018
Raven[Ops],AI,2016-10-17,,2024-12-23,98.19316688567673,0,SFBA,1000000,,3.0,2016
RazorThink,AI,2018-04-01,,2024-12-23,80.74901445466492,0,SFBA,8000000,,,2018
RecruitBot,AI,2023-07-11,,2024-12-23,17.444152431011826,0,SFBA,8200000,1.0,6.0,2023
Redactable,AI,2023-12-14,,2024-12-23,12.319316688567673,0,GNYA,5500000,5.0,5.0,2023
Reduct,AI,2021-02-11,,2024-12-23,46.353482260183966,0,SFBA,4000000,,5.0,2021
Reducto,AI,2024-10-02,,2024-12-23,2.6938239159001314,0,SFBA,8400000,1.0,12.0,2024
ReflexAI,AI,2023-07-27,,2024-12-23,16.918528252299605,0,GNYA,3300000,2.0,5.0,2023
Reflexivity,AI,2020-10-23,2021-05-31,2021-05-31,7.227332457293035,1,GNYA,3000000,,5.0,2020
Regal,AI,2021-01-01,2022-09-07,2022-09-07,20.17082785808147,1,GNYA,3600000,,2.0,2021
Regard,AI,2021-02-02,2022-06-29,2022-06-29,16.819973718791065,1,GLA,5000000,2.0,7.0,2021
Regrello,AI,2021-01-02,2022-05-30,2022-05-30,16.852825229960576,1,SFBA,5200000,,1.0,2021
Reken,AI,2024-01-31,,2024-12-23,10.74244415243101,0,SFBA,10000000,9.0,10.0,2024
Relay,AI,2022-10-11,,2024-12-23,26.412614980289092,0,SFBA,5000000,1.0,4.0,2022
Relimetrics,AI,2018-01-31,2021-03-22,2021-03-22,37.64783180026281,1,SFBA,3250000,3.0,3.0,2018
Renovai,AI,2021-08-01,,2024-12-23,40.73587385019711,0,GNYA,4500000,,2.0,2021
Rephrase.ai,AI,2020-09-24,2022-09-15,2022-09-15,23.68593955321945,1,SFBA,1500000,2.0,2.0,2020
Replicant,AI,2019-07-24,2020-09-10,2020-09-10,13.600525624178712,1,SFBA,7000000,1.0,4.0,2019
Replicate,AI,2023-02-21,2023-02-21,2023-02-21,0.0,1,SFBA,5300000,1.0,5.0,2023
Resemble AI,AI,2020-02-15,2023-07-12,2023-07-12,40.83442838370565,1,SFBA,2000000,2.0,4.0,2020
Respell,AI,2023-12-05,,2024-12-23,12.614980289093298,0,SFBA,4750000,1.0,11.0,2023
Resume,AI,2021-03-01,,2024-12-23,45.762155059132716,0,SFBA,500000,,,2021
"Retainable, Inc. (formerly known as QuitAlert)",AI,2017-05-10,,2024-12-23,91.45860709592641,0,SFBA,620000,,,2017
Retell AI,AI,2024-04-03,,2024-12-23,8.672798948751643,0,SFBA,4555000,,12.0,2024
RethX,AI,2021-03-09,,2024-12-23,45.499342969776606,0,SFBA,300000,,1.0,2021
Revelio Labs,AI,2021-07-29,2022-10-06,2022-10-06,14.257555847568987,1,GNYA,4000000,3.0,10.0,2021
Reverence Care,AI,2022-05-10,,2024-12-23,31.471747700394218,0,GNYA,9500000,,2.0,2022
Revero,AI,2022-11-03,,2024-12-23,25.657030223390276,0,SFBA,5000000,,4.0,2022
Revery AI,AI,2021-09-21,,2024-12-23,39.060446780551906,0,SFBA,1225000,2.0,4.0,2021
Revin AI,AI,2022-04-11,,2024-12-23,32.42444152431012,0,GNYA,1900000,,,2022
Revl,AI,2016-02-25,2020-02-25,2020-02-25,47.99605781865966,1,SFBA,3500000,,6.0,2016
Revv,AI,2023-05-01,2024-02-01,2024-02-01,9.067017082785808,1,GNYA,2100000,1.0,9.0,2023
Revvo,AI,2019-03-26,,2024-12-23,68.95532194480946,0,SFBA,4000000,1.0,3.0,2019
Rezolve AI,AI,2018-03-01,2022-02-04,2022-02-04,47.17477003942181,1,SFBA,1000000,1.0,2.0,2018
Robust Intelligence,AI,2019-03-01,2020-02-01,2020-02-01,11.070959264126149,1,SFBA,3000000,2.0,3.0,2019
Rocket,AI,2019-12-12,,2024-12-23,60.381077529566355,0,SFBA,2000000,,1.0,2019
Rocketmat,AI,2021-07-08,,2024-12-23,41.52431011826544,0,GMA,1500000,3.0,3.0,2021
Rocksalt,AI,2024-07-24,,2024-12-23,4.993429697766097,0,SFBA,3500000,1.0,5.0,2024
Rogo,AI,2024-02-16,2024-10-01,2024-10-01,7.490144546649145,1,GNYA,7000000,1.0,5.0,2024
Roost AI,AI,2019-09-18,,2024-12-23,63.17345597897503,0,SFBA,3000000,,3.0,2019
Roots,AI,2020-09-30,2022-11-01,2022-11-01,25.03285151116951,1,GNYA,3200000,2.0,3.0,2020
Rubik,AI,2018-06-11,,2024-12-23,78.41655716162943,0,GNYA,100000,1.0,1.0,2018
Runway,AI,2018-12-01,2020-12-16,2020-12-16,24.50722733245729,1,GNYA,2000000,1.0,2.0,2018
Rupert AI,AI,2022-09-15,,2024-12-23,27.266754270696453,0,GNYA,8000000,1.0,8.0,2022
Rwazi,AI,2022-10-11,,2024-12-23,26.412614980289092,0,GLA,3802381,1.0,1.0,2022
Ryff,AI,2018-06-18,,2024-12-23,78.18659658344284,0,GLA,1100000,,,2018
Ryght AI,AI,2023-11-01,,2024-12-23,13.731931668856767,0,GLA,2500000,,1.0,2023
SKAEL,AI,2020-10-29,2022-02-21,2022-02-21,15.768725361366622,1,SFBA,4100000,2.0,6.0,2020
SOTAI,AI,2023-10-10,,2024-12-23,14.45466491458607,0,GLA,2000000,1.0,1.0,2023
SPATE,AI,2019-06-17,,2024-12-23,66.22864651773982,0,GNYA,1800000,,5.0,2019
STELIKA,AI,2023-12-02,,2024-12-23,12.713534822601838,0,GLA,2000000,,1.0,2023
STELLARES,AI,2018-10-23,,2024-12-23,74.01445466491458,0,SFBA,3500000,,1.0,2018
STYRK AI,AI,2024-12-01,,2024-12-23,0.7227332457293035,0,SFBA,2500000,,1.0,2024
Salt Security,AI,2016-03-22,2020-06-16,2020-06-16,50.82128777923784,1,SFBA,1000000,,3.0,2016
SambaNova,AI,2017-11-08,2018-03-15,2018-03-15,4.1721419185282524,1,SFBA,2000000,,1.0,2017
SapientX,AI,2018-09-02,,2024-12-23,75.68988173455979,0,SFBA,406000,,1.0,2018
Saturn Cloud,AI,2019-09-05,2021-08-17,2021-08-17,23.390275952693823,1,GNYA,4000000,1.0,1.0,2019
Savanti Investments,AI,2024-05-01,,2024-12-23,7.752956636005256,0,GMA,150000,,,2024
Sawa Credit,AI,2022-04-20,,2024-12-23,32.12877792378449,0,SFBA,3000000,1.0,5.0,2022
Scale AI,AI,2016-08-22,2017-07-16,2017-07-16,10.775295663600525,1,SFBA,120000,,1.0,2016
Scoop Analytics,AI,2024-06-18,,2024-12-23,6.176084099868594,0,SFBA,3500000,1.0,3.0,2024
ScopeAI,AI,2017-03-21,,2024-12-23,93.1011826544021,0,SFBA,120000,2.0,1.0,2017
Scout FM,AI,2018-05-31,,2024-12-23,78.77792378449408,0,SFBA,1400000,,3.0,2018
Searchlight,AI,2019-03-18,2021-12-20,2021-12-20,33.11432325886991,1,SFBA,2500000,,4.0,2019
Second Nature AI,AI,2019-07-01,2022-01-12,2022-01-12,30.420499342969777,1,GLA,3000000,2.0,2.0,2019
Seek AI,AI,2023-01-11,,2024-12-23,23.390275952693823,0,GNYA,7500000,2.0,3.0,2023
SeerAI,AI,2023-10-02,,2024-12-23,14.71747700394218,0,GNYA,4000000,3.0,7.0,2023
Segmed,AI,2020-12-02,2024-09-03,2024-09-03,45.039421813403415,1,SFBA,2000000,1.0,2.0,2020
Selector,AI,2020-04-01,2022-03-15,2022-03-15,23.423127463863338,1,SFBA,5000000,,3.0,2020
Semiotic AI,AI,2022-05-16,,2024-12-23,31.274638633377133,0,SFBA,2500000,,2.0,2022
Senseforth,AI,2017-06-02,,2024-12-23,90.7030223390276,0,GNYA,2000000,,,2017
Sensible,AI,2022-11-17,,2024-12-23,25.19710906701708,0,SFBA,6500000,2.0,9.0,2022
Session AI,AI,2017-06-15,2018-03-21,2018-03-21,9.165571616294349,1,SFBA,2500000,,2.0,2017
SetSail,AI,2020-03-08,2021-01-26,2021-01-26,10.64388961892247,1,SFBA,7000000,1.0,3.0,2020
Sewer AI,AI,2020-08-04,,2024-12-23,52.6281208935611,0,SFBA,2000000,,2.0,2020
Shape,AI,2019-01-24,,2024-12-23,70.9592641261498,0,SFBA,4411000,1.0,2.0,2019
Shopnostic.com,AI,2016-03-05,,2024-12-23,105.61760840998686,0,GNYA,30000,,,2016
Shuffll,AI,2024-06-01,,2024-12-23,6.734559789750328,0,GNYA,3000000,,1.0,2024
SiMa.ai,AI,2019-01-11,2020-05-12,2020-05-12,15.99868593955322,1,SFBA,4000000,,,2019
Siembra Mobile Inc.,AI,2023-09-01,,2024-12-23,15.735873850197109,0,SFBA,500000,,,2023
Siena AI,AI,2023-11-16,,2024-12-23,13.23915900131406,0,SFBA,4700000,3.0,8.0,2023
Sieve,AI,2022-11-14,,2024-12-23,25.29566360052562,0,SFBA,4000000,,12.0,2022
Sift,AI,2023-11-07,2024-06-25,2024-06-25,7.588699080157687,1,GLA,7500000,,2.0,2023
Sigma360,AI,2017-11-15,,2024-12-23,85.2496714848883,0,GNYA,700000,2.0,3.0,2017
SignalRank,AI,2021-11-14,,2024-12-23,37.286465177398156,0,SFBA,5100000,8.0,10.0,2021
SignalWire,AI,2019-01-01,2019-08-07,2019-08-07,7.1616294349540075,1,SFBA,100000,,1.0,2019
Signos,AI,2021-01-01,2021-11-10,2021-11-10,10.282522996057818,1,SFBA,4000000,,7.0,2021
Silk Labs,AI,2016-02-16,,2024-12-23,106.2089356110381,0,SFBA,2525000,2.0,7.0,2016
Simility,AI,2016-06-01,,2024-12-23,102.72667542706964,0,SFBA,1500000,1.0,1.0,2016
SimpleMachines,AI,2017-05-10,2018-10-31,2018-10-31,17.706964520367936,1,SFBA,2900000,,3.0,2017
SimplifyReality,AI,2017-08-08,,2024-12-23,88.50197109067017,0,GLA,150000,,1.0,2017
Simularge,AI,2023-08-11,,2024-12-23,16.4257555847569,0,SFBA,350000,1.0,1.0,2023
"Sinecure, Inc.",AI,2022-09-28,,2024-12-23,26.839684625492772,0,GNYA,3000000,,3.0,2022
Single Origin,AI,2022-03-03,,2024-12-23,33.70565045992115,0,SFBA,3680000,,9.0,2022
Singularity.AI,AI,2018-11-08,,2024-12-23,73.48883048620236,0,SFBA,5000000,,3.0,2018
Singuli,AI,2021-06-30,,2024-12-23,41.78712220762155,0,GNYA,3699998,1.0,8.0,2021
Sixfold AI,AI,2023-05-24,2024-06-05,2024-06-05,12.417871222076215,1,GNYA,6500000,4.0,2.0,2023
Skillfully,AI,2024-08-01,,2024-12-23,4.730617608409987,0,SFBA,2500000,,6.0,2024
Skyflow,AI,2020-05-19,2020-12-08,2020-12-08,6.668856767411301,1,SFBA,7500000,2.0,5.0,2020
Skylark Labs,AI,2023-02-23,,2024-12-23,21.97766097240473,0,SFBA,2760000,,4.0,2023
Skyline AI,AI,2018-05-17,2018-07-31,2018-07-31,2.463863337713535,1,GNYA,3000000,1.0,4.0,2018
SliceX AI,AI,2021-06-02,,2024-12-23,42.70696452036793,0,SFBA,4000000,,2.0,2021
Smart Moderation,AI,2016-09-01,,2024-12-23,99.70433639947437,0,SFBA,200000,,1.0,2016
SmartBeings,AI,2016-06-30,,2024-12-23,101.77398160315374,0,SFBA,30000,,,2016
Smartfluence,AI,2022-08-09,,2024-12-23,28.48226018396846,0,GNYA,2150000,2.0,1.0,2022
Snackable AI,AI,2019-12-27,,2024-12-23,59.88830486202365,0,GNYA,2300000,1.0,6.0,2019
Snorble,AI,2021-06-21,,2024-12-23,42.08278580814717,0,GNYA,2000000,2.0,1.0,2021
Snorkel AI,AI,2020-07-14,2020-07-14,2020-07-14,0.0,1,SFBA,3250000,2.0,4.0,2020
Social Piper,AI,2021-06-30,,2024-12-23,41.78712220762155,0,SFBA,242705,,,2021
Socialtrait Inc,AI,2023-07-15,,2024-12-23,17.31274638633377,0,SFBA,2950000,,4.0,2023
"Socrates.AI, Inc.",AI,2017-03-29,2017-12-22,2017-12-22,8.804204993429698,1,SFBA,5000000,1.0,1.0,2017
Sola,AI,2023-08-01,,2024-12-23,16.754270696452036,0,GNYA,3500000,3.0,2.0,2023
Solidus Labs,AI,2019-02-20,2021-05-24,2021-05-24,27.069645203679368,1,GNYA,3500000,,4.0,2019
Solver,AI,2023-10-19,,2024-12-23,14.159001314060447,0,SFBA,1344513,,1.0,2023
SonicJobs,AI,2021-12-17,,2024-12-23,36.202365308804204,0,SFBA,10588005,1.0,7.0,2021
Sosivio,AI,2021-05-13,,2024-12-23,43.36399474375821,0,SFBA,4500000,,2.0,2021
Sourceress,AI,2017-11-07,,2024-12-23,85.51248357424441,0,SFBA,3500000,2.0,12.0,2017
Spade,AI,2022-05-16,2023-12-06,2023-12-06,18.69250985545335,1,GNYA,5000000,4.0,7.0,2022
Sparta Software Corporation,AI,2017-11-27,2018-01-17,2018-01-17,1.6754270696452036,1,SFBA,2700000,1.0,6.0,2017
Spartan Radar,AI,2021-08-26,2021-11-03,2021-11-03,2.266754270696452,1,GLA,10000000,2.0,11.0,2021
Speak Music,AI,2016-02-01,,2024-12-23,106.70170827858081,0,SFBA,2500000,,1.0,2016
Spectrum Labs,AI,2018-11-07,2020-09-24,2020-09-24,22.568988173455978,1,SFBA,2000000,,1.0,2018
Spike Technologies,AI,2024-06-04,,2024-12-23,6.636005256241787,0,SFBA,3482144,2.0,6.0,2024
Spiketrap,AI,2020-07-01,,2024-12-23,53.745072273324574,0,SFBA,3000000,4.0,8.0,2020
Spotter,AI,2020-07-15,,2024-12-23,53.285151116951376,0,GNYA,1000000,,2.0,2020
SprigHub Inc,AI,2021-05-15,,2024-12-23,43.29829172141918,0,SFBA,300000,,1.0,2021
SquareML.ai,AI,2023-03-01,,2024-12-23,21.780551905387647,0,GNYA,1540000,,1.0,2023
Stafory (Robot Vera),AI,2016-09-05,2018-12-01,2018-12-01,26.839684625492772,1,SFBA,231019,,1.0,2016
Staircase AI,AI,2021-10-27,,2024-12-23,37.877792378449406,0,GLA,4000000,2.0,2.0,2021
Stardust,AI,2023-12-01,,2024-12-23,12.746386333771353,0,GNYA,3500000,,1.0,2023
Station A,AI,2020-07-22,,2024-12-23,53.05519053876478,0,SFBA,4000000,3.0,5.0,2020
Stephubs,AI,2021-12-21,,2024-12-23,36.070959264126145,0,GMA,957271,,1.0,2021
Sterblue,AI,2018-06-04,,2024-12-23,78.64651773981603,0,SFBA,120000,1.0,2.0,2018
Stick,AI,2018-06-25,,2024-12-23,77.95663600525624,0,GLA,1000000,1.0,1.0,2018
Storepath,AI,2020-01-27,,2024-12-23,58.86990801576872,0,SFBA,3200000,1.0,3.0,2020
Stories,AI,2016-08-29,,2024-12-23,99.80289093298292,0,SFBA,621204,,1.0,2016
StoryFile,AI,2018-01-01,,2024-12-23,83.70565045992116,0,GLA,3450000,,1.0,2018
StreamMosaic,AI,2016-03-31,,2024-12-23,104.7634691195795,0,SFBA,500000,1.0,1.0,2016
Streamline,AI,2022-09-27,,2024-12-23,26.872536136662287,0,GNYA,10000,,4.0,2022
Streamlit,AI,2019-10-01,2020-06-16,2020-06-16,8.508541392904073,1,SFBA,6000000,,3.0,2019
Streetbeat,AI,2022-02-07,,2024-12-23,34.49408672798948,0,SFBA,12000000,2.0,4.0,2022
StrokeDx,AI,2024-05-23,,2024-12-23,7.030223390275952,0,GLA,5000000,1.0,2.0,2024
StructionSite,AI,2019-01-07,2020-03-03,2020-03-03,13.830486202365309,1,SFBA,1500000,,4.0,2019
Sturfee,AI,2017-12-01,2019-05-01,2019-05-01,16.95137976346912,1,SFBA,2000000,,3.0,2017
Substrate,AI,2024-06-20,,2024-12-23,6.110381077529566,0,GNYA,8000000,1.0,7.0,2024
Subtle Medical,AI,2017-09-01,2020-11-20,2020-11-20,38.633377135348226,1,SFBA,1100000,5.0,3.0,2017
Suggestic,AI,2019-09-09,,2024-12-23,63.469119579500656,0,SFBA,120000,1.0,4.0,2019
Suki,AI,2016-03-02,2018-05-01,2018-05-01,25.952693823915897,1,SFBA,5000000,1.0,3.0,2016
Sully.ai,AI,2019-05-07,,2024-12-23,67.57555847568987,0,SFBA,180000,,1.0,2019
SuperAnnotate,AI,2020-06-11,2021-07-12,2021-07-12,13.009198423127463,1,SFBA,3000000,,6.0,2020
Superb AI,AI,2019-02-26,2021-02-02,2021-02-02,23.226018396846253,1,SFBA,2000000,,7.0,2019
Superlinked,AI,2024-03-18,,2024-12-23,9.198423127463863,0,SFBA,9500000,2.0,8.0,2024
Supermaven,AI,2024-02-05,2024-09-16,2024-09-16,7.35873850197109,1,SFBA,1800000,,1.0,2024
SupportLogic,AI,2018-05-03,2020-08-19,2020-08-19,27.562417871222074,1,SFBA,2920000,2.0,2.0,2018
Surmount,AI,2023-09-01,,2024-12-23,15.735873850197109,0,SFBA,500000,,,2023
Sust Global,AI,2021-10-28,,2024-12-23,37.844940867279895,0,SFBA,3200000,2.0,4.0,2021
Sway Finance,AI,2016-08-22,,2024-12-23,100.03285151116951,0,SFBA,120000,,1.0,2016
Sweetspot,AI,2024-08-07,,2024-12-23,4.533508541392904,0,GNYA,2200000,1.0,1.0,2024
Swish Analytics,AI,2016-05-27,,2024-12-23,102.8909329829172,0,SFBA,1798312,,1.0,2016
Sybill AI,AI,2023-07-01,2024-07-30,2024-07-30,12.976346911957949,1,SFBA,2000000,,,2023
Symbio Robotics,AI,2016-06-24,2018-04-09,2018-04-09,21.48488830486202,1,SFBA,2550000,5.0,5.0,2016
Synapbox,AI,2020-01-10,,2024-12-23,59.42838370565046,0,GLA,50000,,,2020
Synapse Technology Corporation,AI,2017-08-27,,2024-12-23,87.8777923784494,0,SFBA,2500000,,1.0,2017
Syntegra,AI,2020-08-28,,2024-12-23,51.83968462549277,0,SFBA,5625000,5.0,11.0,2020
Synthesis AI,AI,2021-04-07,2022-04-28,2022-04-28,12.680683311432325,1,SFBA,4500000,2.0,8.0,2021
Synthesized Media,AI,2020-08-20,,2024-12-23,52.10249671484888,0,SFBA,600000,1.0,1.0,2020
Syrup Tech,AI,2022-07-13,2023-12-01,2023-12-01,16.62286465177398,1,GNYA,6300000,8.0,6.0,2022
T2D2,AI,2022-01-01,,2024-12-23,35.709592641261494,0,GNYA,1650000,,4.0,2022
TAZI,AI,2017-12-01,,2024-12-23,84.72404730617608,0,SFBA,1100000,1.0,1.0,2017
TEDU,AI,2024-08-08,,2024-12-23,4.50065703022339,0,GMA,2000000,1.0,3.0,2024
TENSORMARK,AI,2021-05-03,,2024-12-23,43.69250985545335,0,GLA,1200000,,,2021
Tacta Systems,AI,2024-01-01,,2024-12-23,11.727989487516425,0,SFBA,11000000,1.0,1.0,2024
TactileAI,AI,2021-03-17,,2024-12-23,45.236530880420496,0,SFBA,1000000,1.0,1.0,2021
Take2 AI,AI,2024-04-16,,2024-12-23,8.245729303547963,0,GNYA,5000000,2.0,8.0,2024
Talla,AI,2016-02-08,2017-06-19,2017-06-19,16.327201051248355,1,GNYA,4026848,1.0,9.0,2016
Tavily,AI,2024-12-01,,2024-12-23,0.7227332457293035,0,GNYA,5000000,1.0,1.0,2024
Tavus,AI,2023-03-20,2023-08-29,2023-08-29,5.321944809461235,1,SFBA,6100000,,15.0,2023
Taxo,AI,2024-10-01,,2024-12-23,2.726675427069645,0,SFBA,5000000,,3.0,2024
Teammately,AI,2024-05-16,,2024-12-23,7.260183968462549,0,SFBA,400000,2.0,2.0,2024
TechStine,AI,2023-11-04,2024-05-17,2024-05-17,6.40604467805519,1,GLA,101000,,,2023
Tecton,AI,2018-12-04,2020-04-28,2020-04-28,16.78712220762155,1,SFBA,5000000,3.0,5.0,2018
Tekion,AI,2016-03-11,2017-01-10,2017-01-10,10.019710906701707,1,SFBA,3100000,2.0,3.0,2016
Telmai,AI,2023-06-15,,2024-12-23,18.298291721419183,0,SFBA,5500000,2.0,4.0,2023
Tensil,AI,2019-08-22,,2024-12-23,64.0604467805519,0,SFBA,150000,,2.0,2019
Tensor Networks,AI,2021-10-01,,2024-12-23,38.73193166885677,0,SFBA,200000,,,2021
TensorOpera,AI,2023-06-30,,2024-12-23,17.805519053876477,0,SFBA,13200000,,3.0,2023
Tezi,AI,2024-07-31,,2024-12-23,4.763469119579501,0,SFBA,9000000,5.0,7.0,2024
The Meta,AI,2018-12-26,2020-06-01,2020-06-01,17.181340341655716,1,SFBA,1603000,,2.0,2018
Theta EdgeCloud,AI,2016-03-30,2017-03-17,2017-03-17,11.563731931668856,1,SFBA,4000000,2.0,10.0,2016
Thincrs,AI,2021-04-30,,2024-12-23,43.79106438896189,0,SFBA,600000,,,2021
Third Dimension AI,AI,2024-10-08,,2024-12-23,2.4967148488830486,0,SFBA,7000000,3.0,7.0,2024
ThreatLandscape,AI,2019-06-18,,2024-12-23,66.1957950065703,0,SFBA,300000,,,2019
Thumb Technologies,AI,2024-01-26,,2024-12-23,10.90670170827858,0,GLA,1000000,,,2024
TieSet,AI,2021-07-08,,2024-12-23,41.52431011826544,0,SFBA,230000,,2.0,2021
Tint.ai,AI,2021-04-10,2022-02-01,2022-02-01,9.756898817345597,1,SFBA,3750000,,4.0,2021
Togal.AI,AI,2019-11-01,,2024-12-23,61.727989487516425,0,GMA,615000,1.0,1.0,2019
Together AI,AI,2023-05-15,2023-11-29,2023-11-29,6.504599211563732,1,SFBA,20000000,2.0,27.0,2023
Tomato.ai,AI,2023-09-05,,2024-12-23,15.604467805519054,0,SFBA,10000000,,7.0,2023
Tome,AI,2021-01-21,2021-09-14,2021-09-14,7.752956636005256,1,SFBA,6300000,1.0,1.0,2021
Tonic.ai,AI,2018-11-26,2020-12-14,2020-12-14,24.605781865965834,1,SFBA,2000000,2.0,5.0,2018
Top Ten Reviews AI,AI,2020-07-01,,2024-12-23,53.745072273324574,0,SFBA,250000,,,2020
Topline Pro,AI,2022-08-08,2023-07-31,2023-07-31,11.727989487516425,1,GNYA,5000000,3.0,5.0,2022
Tornado,AI,2021-07-21,,2024-12-23,41.09724047306176,0,GNYA,10000000,,5.0,2021
Traini,AI,2024-07-01,,2024-12-23,5.7490144546649145,0,SFBA,3200000,5.0,12.0,2024
Traptic,AI,2017-09-11,2021-06-30,2021-06-30,45.59789750328515,1,SFBA,2999999,,4.0,2017
Trieve,AI,2024-09-11,,2024-12-23,3.383705650459921,0,SFBA,3500000,1.0,10.0,2024
TruEra,AI,2020-08-03,2020-12-14,2020-12-14,4.369250985545335,1,SFBA,5100000,2.0,4.0,2020
TruLiv,AI,2021-05-27,,2024-12-23,42.90407358738502,0,GLA,650000,,,2021
TrueFoundry,AI,2022-09-19,,2024-12-23,27.135348226018397,0,SFBA,2300000,2.0,13.0,2022
Trueface,AI,2018-08-07,2019-07-31,2019-07-31,11.76084099868594,1,GLA,1250000,,1.0,2018
Trusli,AI,2022-06-14,,2024-12-23,30.321944809461232,0,SFBA,250000,,1.0,2022
TrustLayer,AI,2021-02-02,2021-08-17,2021-08-17,6.438896189224704,1,SFBA,6600000,3.0,11.0,2021
Tune AI,AI,2021-08-10,,2024-12-23,40.44021024967148,0,SFBA,1136000,3.0,6.0,2021
Turing,AI,2018-10-03,,2024-12-23,74.67148488830486,0,SFBA,3000000,2.0,3.0,2018
Twelve Labs,AI,2022-03-16,2024-06-04,2024-06-04,26.642575558475688,1,SFBA,5000000,2.0,15.0,2022
UVL Robotics,AI,2020-01-15,,2024-12-23,59.26412614980289,0,SFBA,1400000,,2.0,2020
UVeye,AI,2017-07-05,2019-07-22,2019-07-22,24.540078843626805,1,GNYA,4500000,,2.0,2017
Umbo Computer Vision,AI,2016-03-28,2017-10-25,2017-10-25,18.922470433639948,1,SFBA,2800000,,4.0,2016
Umego.ai,AI,2024-02-14,,2024-12-23,10.282522996057818,0,SFBA,750000,,,2024
Unioncrate,AI,2016-09-30,2019-10-04,2019-10-04,36.10381077529566,1,GNYA,120000,2.0,3.0,2016
UnitX,AI,2019-10-10,2021-10-01,2021-10-01,23.71879106438896,1,SFBA,2000000,1.0,2.0,2019
Unstract,AI,2022-11-27,,2024-12-23,24.868593955321945,0,SFBA,5239964,,,2022
Uplevel Security,AI,2016-10-25,,2024-12-23,97.93035479632063,0,GNYA,5322824,1.0,9.0,2016
Uptime Industries,AI,2024-02-01,,2024-12-23,10.709592641261498,0,GNYA,2000000,,2.0,2024
UptimeAI,AI,2021-02-16,2024-07-01,2024-07-01,40.44021024967148,1,SFBA,1500000,1.0,1.0,2021
Ursa Computing,AI,2020-12-10,,2024-12-23,48.42312746386334,0,SFBA,4900000,,5.0,2020
UserGems,AI,2021-01-01,2021-10-26,2021-10-26,9.789750328515112,1,SFBA,2400000,1.0,2.0,2021
VCV,AI,2019-04-23,,2024-12-23,68.03547963206307,0,SFBA,1700000,,4.0,2019
VERSATILE,AI,2018-02-24,2020-12-03,2020-12-03,33.27858081471748,1,GMA,1000000,2.0,4.0,2018
VESSL AI,AI,2021-11-15,2024-10-07,2024-10-07,34.72404730617608,1,SFBA,4400000,1.0,4.0,2021
ValidMind,AI,2024-03-27,,2024-12-23,8.902759526938238,0,SFBA,8100000,1.0,8.0,2024
Valued,AI,2019-02-03,,2024-12-23,70.63074901445466,0,SFBA,1700000,2.0,1.0,2019
Vasitum,AI,2019-01-28,,2024-12-23,70.82785808147175,0,GNYA,300000,,1.0,2019
Vast.ai,AI,2024-07-12,,2024-12-23,5.387647831800263,0,GLA,4000000,,3.0,2024
Vault AI,AI,2018-04-01,2021-12-08,2021-12-08,44.250985545335084,1,GLA,1200000,,1.0,2018
Vectara,AI,2023-05-30,2024-07-16,2024-07-16,13.567674113009199,1,SFBA,28500000,6.0,20.0,2023
Vectice,AI,2020-06-17,2022-01-18,2022-01-18,19.053876478318003,1,SFBA,3000000,1.0,3.0,2020
VectorShift,AI,2024-02-21,,2024-12-23,10.052562417871222,0,SFBA,3000000,4.0,7.0,2024
Vendia,AI,2020-07-01,2021-02-03,2021-02-03,7.128777923784494,1,SFBA,5100000,1.0,7.0,2020
Verax AI,AI,2024-10-30,,2024-12-23,1.773981603153745,0,GNYA,7600000,1.0,7.0,2024
Verbit,AI,2018-03-29,2019-01-29,2019-01-29,10.052562417871222,1,GNYA,11000000,5.0,8.0,2018
Verta,AI,2020-08-25,,2024-12-23,51.93823915900131,0,SFBA,970000,2.0,2.0,2020
Viam,AI,2021-06-29,2022-04-11,2022-04-11,9.395532194480946,1,GNYA,12000000,1.0,1.0,2021
Vianai,AI,2019-09-20,,2024-12-23,63.107752956636006,0,SFBA,50000000,,,2019
VideoVerse,AI,2020-04-16,2021-10-07,2021-10-07,17.706964520367936,1,GLA,400000,1.0,4.0,2020
Vidoc Security Lab,AI,2024-10-10,,2024-12-23,2.431011826544021,0,SFBA,2400000,,5.0,2024
Vidrovr,AI,2017-01-16,,2024-12-23,95.20367936925098,0,GNYA,120000,1.0,1.0,2017
Vintra,AI,2019-03-11,2021-09-20,2021-09-20,30.354796320630747,1,SFBA,4800000,2.0,4.0,2019
VirtualTeach,AI,2020-03-01,,2024-12-23,57.75295663600525,0,GNYA,9500000,,,2020
VirtuousAI,AI,2021-02-24,,2024-12-23,45.926412614980286,0,SFBA,500000,,1.0,2021
Vitagene,AI,2016-02-17,,2024-12-23,106.17608409986859,0,SFBA,2000000,,4.0,2016
Viva Translate,AI,2021-11-20,,2024-12-23,37.089356110381075,0,SFBA,4000000,,8.0,2021
Vivoo,AI,2020-01-14,2021-06-25,2021-06-25,17.345597897503286,1,SFBA,1500000,1.0,1.0,2020
Vivun,AI,2019-11-26,2020-10-14,2020-10-14,10.611038107752956,1,SFBA,3000000,2.0,2.0,2019
Viz,AI,2016-10-05,2018-07-18,2018-07-18,21.38633377135348,1,SFBA,2000000,3.0,7.0,2016
Vocalto,AI,2020-01-01,,2024-12-23,59.72404730617608,0,GNYA,1000000,,,2020
Voicea,AI,2017-02-27,2018-03-07,2018-03-07,12.253613666228645,1,SFBA,5500000,4.0,9.0,2017
Volan.ai,AI,2020-04-30,,2024-12-23,55.78186596583443,0,GNYA,1000000,,1.0,2020
Volley,AI,2016-03-10,,2024-12-23,105.45335085413929,0,SFBA,2300000,1.0,9.0,2016
Vorstella,AI,2017-12-06,,2024-12-23,84.5597897503285,0,SFBA,3300000,,4.0,2017
Waldium,AI,2023-08-23,,2024-12-23,16.031537450722734,0,SFBA,500000,1.0,1.0,2023
Wallaroo,AI,2017-07-10,2022-02-09,2022-02-09,55.02628120893561,1,GNYA,1500000,2.0,7.0,2017
Wand AI,AI,2022-02-02,,2024-12-23,34.65834428383705,0,SFBA,5000000,,,2022
Ware,AI,2020-08-12,,2024-12-23,52.36530880420499,0,SFBA,2500000,1.0,6.0,2020
WaveForms AI,AI,2024-02-07,,2024-12-23,10.512483574244415,0,SFBA,3000000,,1.0,2024
WaveOne,AI,2020-12-01,,2024-12-23,48.71879106438896,0,SFBA,6500000,,5.0,2020
Wavelength Global,AI,2019-01-30,,2024-12-23,70.76215505913272,0,SFBA,100000,,1.0,2019
Wavio,AI,2020-01-15,,2024-12-23,59.26412614980289,0,SFBA,1000000,,1.0,2020
Waycare,AI,2017-10-30,2019-10-03,2019-10-03,23.0946123521682,1,SFBA,2300000,1.0,6.0,2017
We.Rich,AI,2024-07-31,,2024-12-23,4.763469119579501,0,GNYA,2000000,,4.0,2024
WeGoTrip,AI,2022-12-10,,2024-12-23,24.441524310118265,0,GNYA,900000,1.0,3.0,2022
Weezmo,AI,2018-04-02,,2024-12-23,80.71616294349539,0,GNYA,200000,,1.0,2018
Wellsheet,AI,2017-08-22,2020-06-11,2020-06-11,33.63994743758213,1,GNYA,2290000,,5.0,2017
Welltory,AI,2020-09-01,,2024-12-23,51.708278580814714,0,SFBA,1500000,,1.0,2020
Windsurf,AI,2021-01-01,2022-04-28,2022-04-28,15.83442838370565,1,SFBA,3000000,1.0,7.0,2021
Wirestock,AI,2021-11-03,,2024-12-23,37.64783180026281,0,SFBA,2300000,,6.0,2021
Wisecut AI,AI,2023-07-06,,2024-12-23,17.608409986859396,0,GMA,1000000,1.0,1.0,2023
Wispr Flow,AI,2021-11-30,,2024-12-23,36.760840998685936,0,SFBA,4600000,6.0,5.0,2021
Wolfberry,AI,2024-05-20,,2024-12-23,7.128777923784494,0,SFBA,100000,,,2024
Wonder Dynamics,AI,2021-04-10,2021-12-10,2021-12-10,8.015768725361367,1,GLA,2500000,1.0,6.0,2021
WorkMagic,AI,2023-10-24,,2024-12-23,13.994743758212877,0,SFBA,2000000,1.0,2.0,2023
Workera,AI,2020-12-11,2021-08-26,2021-08-26,8.47568988173456,1,SFBA,5000000,,3.0,2020
Writer,AI,2020-08-30,2021-11-15,2021-11-15,14.520367936925098,1,SFBA,5000000,,4.0,2020
Writesonic,AI,2021-09-30,,2024-12-23,38.76478318002628,0,SFBA,2500000,2.0,8.0,2021
WrkRiot,AI,2016-08-01,,2024-12-23,100.7227332457293,0,SFBA,130000,,1.0,2016
XGEN AI,AI,2022-09-28,,2024-12-23,26.839684625492772,0,GNYA,9000000,,,2022
XL8,AI,2022-07-18,2023-09-26,2023-09-26,14.290407358738502,1,SFBA,2728854,2.0,2.0,2022
XP Health,AI,2021-01-19,2022-09-28,2022-09-28,20.269382391590014,1,SFBA,5000000,,7.0,2021
Xendoo,AI,2019-12-17,,2024-12-23,60.21681997371879,0,GMA,3500000,2.0,7.0,2019
XoomDat LLC,AI,2018-02-26,,2024-12-23,81.86596583442838,0,GLA,20000,,2.0,2018
Yellow,AI,2024-05-09,,2024-12-23,7.490144546649145,0,SFBA,5000000,1.0,1.0,2024
YesPlz AI,AI,2020-10-02,,2024-12-23,50.68988173455979,0,SFBA,1370000,,,2020
Yogi,AI,2019-01-07,2023-12-07,2023-12-07,58.96846254927726,1,GNYA,100000,1.0,1.0,2019
You.com,AI,2021-12-27,2022-07-14,2022-07-14,6.5374507227332455,1,SFBA,20000000,,6.0,2021
Yours,AI,2019-10-09,,2024-12-23,62.48357424441524,0,GLA,3500000,3.0,5.0,2019
Yuma AI,AI,2023-03-01,,2024-12-23,21.780551905387647,0,GNYA,3800000,,3.0,2023
Zadar Labs,AI,2021-01-29,,2024-12-23,46.78055190538765,0,SFBA,5600000,1.0,5.0,2021
Zams,AI,2021-05-03,,2024-12-23,43.69250985545335,0,SFBA,3700000,6.0,10.0,2021
Zan Compute,AI,2019-01-10,,2024-12-23,71.41918528252299,0,SFBA,1000000,,3.0,2019
Zenarate,AI,2023-06-27,,2024-12-23,17.904073587385017,0,SFBA,15000000,1.0,1.0,2023
Zenysis,AI,2016-03-31,2018-08-01,2018-08-01,28.02233902759527,1,SFBA,2800000,,6.0,2016
Zepl,AI,2016-12-08,2018-07-12,2018-07-12,19.086727989487514,1,SFBA,4100000,,2.0,2016
Zime.ai,AI,2024-09-30,,2024-12-23,2.759526938239159,0,SFBA,2525000,,4.0,2024
Zingly.ai,AI,2021-12-14,,2024-12-23,36.300919842312744,0,SFBA,4450000,2.0,8.0,2021
Zippedi,AI,2017-07-01,2022-03-16,2022-03-16,56.47174770039422,1,SFBA,74724,1.0,1.0,2017
Zippia,AI,2017-01-27,2019-04-18,2019-04-18,26.642575558475688,1,SFBA,2250000,,2.0,2017
Zoltar,AI,2022-09-15,,2024-12-23,27.266754270696453,0,GNYA,3800000,,,2022
Zone7,AI,2019-02-12,2021-07-22,2021-07-22,29.27069645203679,1,SFBA,2500000,1.0,6.0,2019
Zowie,AI,2022-01-17,2022-05-24,2022-05-24,4.1721419185282524,1,GNYA,5000000,1.0,4.0,2022
Zpoken AI,AI,2017-02-01,,2024-12-23,94.67805519053876,0,GNYA,130000,,2.0,2017
Zuma,AI,2021-11-19,2024-02-02,2024-02-02,26.445466491458607,1,SFBA,6700000,1.0,11.0,2021
Zyper,AI,2017-09-02,2019-06-06,2019-06-06,21.090670170827856,1,SFBA,2000000,,7.0,2017
adNomus,AI,2017-03-03,,2024-12-23,93.69250985545335,0,SFBA,1000,,,2017
aiXplain,AI,2023-04-26,,2024-12-23,19.940867279894874,0,SFBA,8000000,2.0,2.0,2023
arnata,AI,2023-09-27,,2024-12-23,14.88173455978975,0,SFBA,6500000,1.0,3.0,2023
block a,AI,2021-08-24,,2024-12-23,39.98028909329829,0,GNYA,5000000,2.0,4.0,2021
boam.ai,AI,2022-12-01,,2024-12-23,24.73718791064389,0,GMA,1600000,,14.0,2022
centiment.io,AI,2017-01-31,,2024-12-23,94.71090670170827,0,GNYA,50000,,1.0,2017
co:census,AI,2022-09-15,,2024-12-23,27.266754270696453,0,GNYA,1600000,,6.0,2022
dataroomHQ,AI,2023-04-17,,2024-12-23,20.2365308804205,0,GNYA,3960000,2.0,1.0,2023
deckrobot,AI,2020-10-01,2022-02-01,2022-02-01,16.031537450722734,1,SFBA,1500000,,3.0,2020
doc.ai,AI,2018-08-01,,2024-12-23,76.74113009198423,0,SFBA,5000000,,,2018
dotin,AI,2018-06-22,,2024-12-23,78.05519053876478,0,SFBA,1200000,1.0,2.0,2018
dottxt,AI,2024-08-16,,2024-12-23,4.23784494086728,0,GNYA,8700000,2.0,9.0,2024
dreyev,AI,2019-04-08,,2024-12-23,68.52825229960578,0,GNYA,550000,,,2019
e11tec,AI,2023-11-02,,2024-12-23,13.699080157687254,0,GLA,150000,,,2023
ePOP AI,AI,2023-01-11,,2024-12-23,23.390275952693823,0,GNYA,1600000,,,2023
ePallet,AI,2023-03-27,,2024-12-23,20.92641261498029,0,GLA,4500000,1.0,5.0,2023
eatOS - Restaurants Made Simple,AI,2019-11-19,,2024-12-23,61.136662286465175,0,GMA,1000000,,1.0,2019
headhuntr.io,AI,2019-10-01,,2024-12-23,62.74638633377135,0,SFBA,4000000,,,2019
intenseye,AI,2019-06-17,2021-09-21,2021-09-21,27.16819973718791,1,GNYA,100000,1.0,2.0,2019
kea,AI,2019-05-15,2020-11-20,2020-11-20,18.232588699080157,1,SFBA,6700000,3.0,7.0,2019
mayk,AI,2021-09-07,,2024-12-23,39.5203679369251,0,GLA,4000000,,13.0,2021
mesha,AI,2022-03-03,,2024-12-23,33.70565045992115,0,SFBA,1000000,,2.0,2022
mettleAI,AI,2020-07-01,,2024-12-23,53.745072273324574,0,GLA,500000,,,2020
minds.ai,AI,2023-10-10,,2024-12-23,14.45466491458607,0,SFBA,5300000,2.0,2.0,2023
nGrow.ai,AI,2022-05-02,,2024-12-23,31.734559789750328,0,SFBA,2300000,1.0,5.0,2022
nSight Surgical,AI,2021-04-01,,2024-12-23,44.74375821287779,0,SFBA,3200000,1.0,1.0,2021
norahealth.ai,AI,2023-06-04,,2024-12-23,18.659658344283837,0,GNYA,3500000,,9.0,2023
nwo.ai,AI,2020-10-01,,2024-12-23,50.7227332457293,0,GNYA,3500000,,4.0,2020
omniX labs,AI,2019-12-01,,2024-12-23,60.74244415243101,0,GNYA,2500000,,2.0,2019
percipient.ai,AI,2017-03-20,2018-03-13,2018-03-13,11.76084099868594,1,SFBA,3000000,,1.0,2017
platform.ai,AI,2018-06-20,,2024-12-23,78.12089356110381,0,SFBA,2050000,,1.0,2018
rct AI,AI,2018-09-25,2019-11-04,2019-11-04,13.304862023653088,1,GLA,1500000,,1.0,2018
retrain.ai,AI,2020-09-18,2021-03-10,2021-03-10,5.683311432325887,1,GNYA,4000000,1.0,3.0,2020
scoutbee,AI,2018-11-05,2019-06-11,2019-06-11,7.1616294349540075,1,SFBA,4000000,2.0,3.0,2018
sensfix,AI,2021-09-09,,2024-12-23,39.45466491458607,0,SFBA,2553081,,2.0,2021
super.AI,AI,2018-11-29,2021-06-16,2021-06-16,30.55190538764783,1,SFBA,5300000,2.0,3.0,2018
testRigor,AI,2021-05-24,,2024-12-23,43.00262812089356,0,SFBA,2625000,1.0,12.0,2021
wappier,AI,2019-11-13,,2024-12-23,61.333771353482256,0,GNYA,4000000,,1.0,2019
xaana.ai,AI,2019-06-07,,2024-12-23,66.55716162943496,0,SFBA,1000000,,,2019
xiQ,AI,2017-09-18,2017-10-01,2017-10-01,0.42706964520367935,1,SFBA,900000,,2.0,2017
ybot,AI,2022-09-14,,2024-12-23,27.299605781865964,0,GMA,3000000,1.0,2.0,2022
